1,1,60000,480,26,26,676,64,16,4,1,4,4,8g,16g,1,1014287404,187497124,1103288,394553011,33061261,2715956,1777867,276688,5791337,12598507,1633946,771041,49432759,582197,420687977,InstrumentationResult
2,1,60000,1080,13,38,494,33,36,6,1,2,6,4g,8g,1,983004717,367797800,1192770,569167837,41752153,3608401,1431289,476682,7182709,22764229,3225608,1104556,120668174,1494943,261766894,InstrumentationResult
3,1,60000,120,38,13,494,96,4,2,1,6,2,11g,23g,1,862017828,157685585,1183149,442026001,37103470,2031264,1612375,201255,4420311,8479232,1209757,563265,18922298,541058,498073585,InstrumentationResult
4,1,60000,360,19,32,608,17,12,6,1,6,2,9g,5g,1,12170560656,161942646,517728,473376689,34663054,2327167,1072538,237258,4561271,9005777,1110690,788785,19488961,581373,323320580,InstrumentationResult
5,1,60000,450,44,7,308,80,15,3,1,3,5,3g,19g,1,854080395,204963413,1365233,346599384,38352293,2033827,1375039,252171,4536603,14002557,2647545,654633,72825007,498137,310965609,InstrumentationResult
6,1,60000,360,7,19,133,49,12,2,1,5,6,12g,12g,1,783103947,159790402,820500,2529924888,54325637,1388627,884429,250864,3122296,14604379,2702506,531536,85162193,484153,284412070,InstrumentationResult
7,1,60000,450,32,44,1408,112,15,5,1,2,3,6g,26g,1,1137958086,185938796,1730547,615226471,42000397,4532177,3555009,225828,10185147,13489530,1878906,1141010,40450240,837972,439431194,InstrumentationResult
8,1,60000,120,16,16,256,88,4,4,1,2,1,13g,6g,1,13281589234,159275072,1007311,492883762,35323223,2023996,1166014,142858,4177739,1481063,747994,553421,1588455,528784,509327494,InstrumentationResult
9,1,60000,120,41,41,1681,25,4,1,1,5,4,7g,21g,1,1102253215,189369624,430690,916835050,38064864,1096814,1108300,193188,2770199,9673135,1038325,0,38447481,405481,1100785589,InstrumentationResult
10,1,60000,540,4,29,116,120,18,3,1,4,6,10g,14g,1,6834033053,158634960,1752810,308992552,40281669,2828220,1633290,287161,5976552,20866849,3602757,783947,110988851,589537,327784457,InstrumentationResult
11,1,60000,540,29,4,116,57,18,6,1,7,3,3g,28g,1,916718461,162419597,1287737,281361463,38785301,3093656,1302308,301344,5967761,9875795,1365582,814224,31528411,588268,300806921,InstrumentationResult
12,1,60000,240,10,47,470,72,8,4,1,6,2,5g,3g,1,841669731,151316547,924719,436911519,36264431,2278728,1338582,219594,4700501,9415782,993734,707428,19642261,579337,402457941,InstrumentationResult
13,1,60000,1050,35,22,770,9,35,7,1,3,5,12g,17g,1,975810886,15329433303,698897,392298171,33365294,2810178,1078146,302728,5656251,18916291,2264554,957745,70464436,594990,392021274,InstrumentationResult
14,1,60000,1050,22,10,220,104,35,5,1,4,7,2g,10g,1,4271075705,134381702,2702048,342639267,33033760,3818351,1963961,375092,7953527,26236103,3840937,1080160,153294878,768715,356995657,InstrumentationResult
15,1,60000,240,47,35,1645,41,8,2,1,1,4,8g,25g,1,1171564292,237687367,624880,572722590,32173485,1607313,1522954,190515,3992130,11548873,2211581,609833,49456153,495162,386637666,InstrumentationResult
16,1,60000,360,24,42,1008,53,12,3,1,3,4,12g,24g,1,1076935649,15971688457,894741,462486516,34282294,2116898,1603851,197936,4910635,11133584,2462357,796776,45495072,495974,348480763,InstrumentationResult
17,1,60000,180,48,18,864,116,6,6,1,6,1,5g,9g,1,977170598,176032682,1407282,851282953,35673616,3483387,2308337,145828,7208410,4385638,905046,803659,1925794,837484,607279451,InstrumentationResult
18,1,60000,360,12,6,72,21,12,4,1,2,3,9g,16g,1,836234618,150794980,540759,273750378,35340740,1636723,843591,284787,3616059,8917914,1294691,661166,30421550,529815,284169587,InstrumentationResult
19,1,60000,180,36,30,1080,84,6,1,1,5,6,2g,2g,1,16992408522,215944008,798752,447945311,25129155,1796383,1650790,241462,4176126,18173721,1624938,0,120770614,517376,426533064,InstrumentationResult
20,1,60000,750,6,24,144,37,25,5,1,5,5,7g,27g,1,1789456192,158601668,1022121,291748524,33495515,2264894,1157735,224463,4952879,14291729,2501470,923824,69246712,558173,295144434,InstrumentationResult
21,1,60000,120,30,48,1440,100,4,2,1,2,2,14g,13g,1,1034741434,183100969,1143814,684130811,34488238,2610732,2611871,181600,5965247,12198390,1467710,647697,25150019,712085,620060580,InstrumentationResult
22,1,60000,270,18,36,648,5,9,3,1,7,3,4g,20g,1,934463624,158947268,281039,999066778,39136508,1160767,730991,276426,2836545,9169446,1594975,589920,28030135,503071,301293116,InstrumentationResult
23,1,60000,1080,42,12,504,68,36,6,1,4,6,10g,6g,1,16351272827,356781225,1713614,1140840452,172996090,4544195,1957495,456194,8799635,22235150,5758161,1265081,120481603,751455,1402921120,InstrumentationResult
24,1,60000,900,9,27,243,108,30,6,1,3,5,3g,29g,1,845093575,131281573,3376253,299580270,33945302,4419835,2183234,243120,8944484,16338154,2582752,1291897,74388477,611817,357602579,InstrumentationResult
25,1,60000,180,33,3,99,45,6,3,1,6,2,10g,15g,1,746777801,173360182,714399,303728099,36089557,1448081,863766,220661,3224812,7970207,1140188,586789,18306799,515842,331897260,InstrumentationResult
26,1,60000,180,21,15,315,76,6,2,1,2,3,6g,22g,1,841372806,165485842,1009466,1681955954,37376361,1747753,1260581,229681,3774574,8350050,1524332,543919,26365162,480950,367838724,InstrumentationResult
27,1,60000,900,45,39,1755,13,30,5,1,5,6,13g,7g,1,16604190184,346220549,619958,527782146,40742903,2915887,1979907,448017,6525110,22080527,3198625,956049,121022782,721148,317758543,InstrumentationResult
28,1,60000,300,15,9,135,124,10,2,1,4,5,8g,25g,1,824447397,142618454,1505189,393644846,39619716,2025450,1340188,176563,4169079,10745409,2393886,530057,54339206,440081,487775005,InstrumentationResult
29,1,60000,300,39,33,1287,61,10,5,1,1,2,1g,11g,1,1053560268,268864158,968916,741829511,33374466,2920021,2120491,237264,6467537,10194767,1165231,867451,23194765,756533,420688627,InstrumentationResult
30,1,60000,840,3,45,135,92,28,7,1,6,4,11g,18g,1,923952726,151330713,2096469,304411155,41909925,4663919,1869343,327927,8745444,13327737,2346755,1139659,49587489,695747,348470266,InstrumentationResult
31,1,60000,840,27,21,567,29,28,4,1,3,7,5g,4g,1,796626389,157453077,812511,352764849,42203569,2229617,1279691,304609,4926844,27286089,3162232,958871,154525038,678390,353219883,InstrumentationResult
32,1,60000,450,14,31,434,74,15,5,1,5,3,10g,18g,1,838352641,154417657,1432634,356725573,34950373,3103097,1660752,285258,6190948,10319980,1495950,805425,31760070,599925,350614410,InstrumentationResult
33,1,60000,360,39,6,234,11,12,2,1,2,6,3g,3g,1,769548069,161372717,300168,295794007,39214143,1008680,621240,285942,2503892,16189374,2771980,558928,88285834,471673,275860112,InstrumentationResult
34,1,60000,480,2,19,38,106,16,4,1,6,4,13g,25g,1,15844704385,151721794,1950553,279994330,36205920,2871020,1445396,250011,5921991,10862517,1711252,861726,41602980,503850,333967926,InstrumentationResult
35,1,60000,210,26,43,1118,43,7,7,1,3,1,6g,11g,1,1056665643,182616849,782344,969919481,35470494,2620444,1509887,164280,5264168,5908743,888996,793241,1814967,679401,639637665,InstrumentationResult
36,1,60000,270,8,12,96,90,9,3,1,3,3,2g,21g,1,924918048,127291146,1224820,302161260,33891197,2085488,1229252,243327,4266061,8488716,1537210,596909,27093470,499711,369944446,InstrumentationResult
37,1,60000,1080,32,37,1184,27,36,6,1,6,6,8g,7g,1,982343589,179984939,1073991,464187758,61905699,3509334,1954898,409560,7468290,21841720,3276236,1364592,148874679,866336,487439504,InstrumentationResult
38,1,60000,600,20,49,980,122,20,4,1,1,5,5g,29g,1,913760429,181204450,2377277,417386605,36999720,3823524,3127191,230513,8805780,16901867,2618173,1135503,83157127,615740,400554166,InstrumentationResult
39,1,60000,60,45,25,1125,59,2,1,1,4,2,11g,14g,1,1132598505,181841924,676612,685898162,38638463,1463250,1373420,164109,3372496,8963971,906425,0,18712220,511802,647058201,InstrumentationResult
40,1,60000,180,5,40,200,19,6,2,1,4,3,6g,20g,1,14072980917,159113343,394576,303672506,34479791,1015951,652538,241113,2411225,7990674,1472898,540455,25631367,461227,298054885,InstrumentationResult
41,1,60000,900,29,16,464,82,30,5,1,1,6,12g,5g,1,901121227,167882847,2409180,380123419,40128453,4910502,2157253,223007,9587745,17259624,4397634,1651728,89971098,576139,477462960,InstrumentationResult
42,1,60000,720,17,3,51,51,24,6,1,6,4,2g,27g,1,751224986,133303333,1222382,299569793,37284787,3079599,1295185,327361,6244666,11301744,1913857,908359,48212577,535642,299755232,InstrumentationResult
43,1,60000,90,42,28,1176,114,3,3,1,3,1,9g,12g,1,1126287408,176868023,1347746,1072936571,32669852,2846091,2557078,140378,6374660,3055432,951605,701927,1871763,869087,790877197,InstrumentationResult
44,1,60000,720,23,22,506,3,24,6,1,4,4,14g,16g,1,994212969,164272425,457821,344928373,32482449,2594691,1041260,304488,4960909,11992063,1857541,875431,46069456,622326,359926304,InstrumentationResult
45,1,60000,630,48,46,2208,66,21,3,1,7,7,7g,1g,1,1045097754,193184599,912348,2458258841,42007297,2974254,3135525,326657,7943767,27552922,4418132,932501,253817031,652454,547339080,InstrumentationResult
46,1,60000,150,11,34,374,35,5,1,1,2,5,11g,23g,1,767084364,152117973,487721,507329367,41439186,885138,666457,143320,2029822,8241912,991449,0,42743217,342969,722906861,InstrumentationResult
47,1,60000,240,35,9,315,98,8,4,1,5,2,4g,9g,1,804745272,153809218,1358727,386063756,35963065,2598611,1647182,226814,5343634,8846247,959708,682981,18898338,564554,379768633,InstrumentationResult
48,1,60000,1260,12,14,168,126,42,7,1,7,6,7g,11g,1,16673659396,314730743,3058321,274239100,40932032,6175447,2374964,409791,11289984,23069438,5452933,1338705,120121022,1073855,431617364,InstrumentationResult
49,1,60000,360,37,39,1443,63,12,4,1,4,3,13g,26g,1,1082157587,239874890,1046769,615219742,33775181,2760052,2283283,204775,6409949,11205546,1648104,885866,34460255,637372,380155194,InstrumentationResult
50,1,60000,60,25,26,650,94,2,2,1,5,1,4g,4g,1,847064671,158141243,862244,718957490,36437816,1804085,1491271,119749,3903950,1667299,794582,518215,1564176,647800,723435587,InstrumentationResult
51,1,60000,600,49,2,98,31,20,5,1,2,4,10g,19g,1,821709777,136155660,830652,293113584,479063249,2458683,1041813,275026,5028215,11077907,1830197,852999,42028057,602786,283817166,InstrumentationResult
52,1,60000,420,19,45,855,110,14,2,1,2,7,12g,15g,1,970897085,156503711,1417698,390453735,45261922,2630927,2293226,264265,6003151,22683732,3760598,703959,180536684,556463,454612934,InstrumentationResult
53,1,60000,600,43,20,860,47,20,5,1,5,4,5g,30g,1,957409100,172961195,1105851,438876763,36818535,2909275,1847326,259882,6475753,12598573,2134657,1018429,51929160,545119,331199075,InstrumentationResult
54,1,60000,360,6,8,48,78,12,6,1,3,2,9g,8g,1,809254951,150912499,1285015,277372019,37129986,2729513,1159765,217904,5380675,9053267,1142045,721613,19189075,556670,832233952,InstrumentationResult
55,1,60000,450,31,32,992,15,15,3,1,6,5,2g,22g,1,1028391577,278812549,487144,487630344,34884595,1391872,967347,280483,3474659,12644758,2683966,655387,60407278,528293,288475228,InstrumentationResult
56,1,60000,720,22,5,110,39,24,4,1,6,6,8g,13g,1,961785416,15864124133,1020269,292335487,36542254,2205918,1065246,319559,4933086,17872209,2591436,836815,101320509,639126,296333698,InstrumentationResult
57,1,60000,630,46,29,1334,102,21,7,1,3,3,1g,28g,1,1160204294,179490265,2257520,1160164894,24305539,5206753,3360986,327527,11279059,13578106,1559204,1144858,39221109,850014,423545119,InstrumentationResult
58,1,60000,300,9,42,378,7,10,5,1,4,2,11g,6g,1,842739725,147518181,356111,405569006,36848888,1634984,727904,222200,3461369,9253836,932528,689022,18641431,527902,289222841,InstrumentationResult
59,1,60000,300,34,17,578,70,10,2,1,1,5,4g,20g,1,1037717626,196208857,973810,1936300219,205209881,1783343,1404593,214357,3964756,13001249,2386268,569317,62878849,489385,334866152,InstrumentationResult
60,1,60000,840,3,35,105,55,28,4,1,2,7,3g,10g,1,923046527,125995819,1270711,289865190,40292136,2584732,1238969,343529,5485984,23218684,2848620,834847,139705184,619590,299118085,InstrumentationResult
61,1,60000,120,28,11,308,118,4,1,1,5,4,9g,24g,1,888073451,221373511,1297469,392547422,41242315,1849484,1396978,154194,3738348,8431369,1007204,0,34689683,374394,682157778,InstrumentationResult
62,1,60000,180,16,23,368,23,6,3,1,4,2,6g,2g,1,856025541,150294411,385655,412150682,32638037,1162188,687963,266742,2792237,8076332,1155516,548910,19297408,498398,319058073,InstrumentationResult
63,1,60000,900,40,48,1920,86,30,6,1,7,5,13g,17g,1,1121863434,183360840,2588703,565826323,40005705,5287674,3507176,258820,11200636,24689939,2556761,1458615,98654088,730143,561700482,InstrumentationResult
64,1,60000,180,21,23,483,103,6,2,1,6,3,10g,8g,1,829208240,152700015,1220420,368138001,35924323,2176766,1680435,216382,4662500,8974714,1536837,576692,29371030,503529,467108997,InstrumentationResult
65,1,60000,900,45,47,2115,40,30,5,1,3,6,4g,23g,1,1263793667,221632947,1073312,528374426,32319016,3269568,2440116,325113,7682529,20287900,2722180,981576,106608785,640688,321549774,InstrumentationResult
66,1,60000,1050,8,35,280,71,35,7,1,5,5,13g,15g,1,4226315503,144204216,1778317,687352644,359873265,4551020,1992842,437391,9202518,17596680,3165358,1177404,77409781,857650,351699801,InstrumentationResult
67,1,60000,240,33,11,363,8,8,4,1,2,2,7g,30g,1,843431042,177353331,329883,413522540,36407959,1392725,740460,259498,3117173,8250160,1138296,611917,17723249,550659,796376275,InstrumentationResult
68,1,60000,540,2,41,82,119,18,6,1,2,3,2g,4g,1,724949455,153059378,1714989,253992819,30503069,3504957,1582943,288956,6996321,10440495,1549410,765338,31217447,733580,388834276,InstrumentationResult
69,1,60000,540,27,17,459,56,18,3,1,5,6,8g,19g,1,12112304366,163318057,1153684,328465961,425246984,2015922,1338804,256265,4468997,18412030,3054993,633954,89591209,551547,312612847,InstrumentationResult
70,1,60000,240,14,4,56,87,8,2,1,4,4,5g,12g,1,748277482,147520906,1117299,255231760,30977991,1871309,1138459,253896,3893192,9931951,1952499,538027,38592642,475104,351170522,InstrumentationResult
71,1,60000,150,39,29,1131,24,5,5,1,7,1,12g,26g,1,1042390162,174470149,515789,1012999770,35317629,1822008,1143099,157528,4085634,4455225,799258,672625,1666186,585779,512904489,InstrumentationResult
72,1,60000,600,11,8,88,64,20,5,1,7,4,4g,3g,1,13884645000,172928895,1067802,260686911,38842555,2715510,1118831,332996,5666255,12666736,2402110,1028451,47082951,696894,267641520,InstrumentationResult
73,1,60000,420,36,32,1152,127,14,2,1,4,7,11g,17g,1,16993772809,438688247,1541580,563990578,38033983,2956975,2871197,221029,6734119,20328562,3705519,679834,163408100,570408,520177107,InstrumentationResult
74,1,60000,450,24,44,1056,32,15,3,1,5,5,1g,10g,1,1050448218,186839526,761321,450008060,42066322,1897073,1337699,315017,4516839,13397067,2929722,745810,64206083,596181,383662896,InstrumentationResult
75,1,60000,360,48,20,960,95,12,6,1,2,2,8g,24g,1,1049680953,152235857,1578136,604560431,36895543,3901095,2520923,227354,8201706,11431927,1262270,934710,23628977,772269,423799403,InstrumentationResult
76,1,60000,270,17,26,442,48,9,3,1,1,3,12g,6g,1,820445326,174017384,888632,540641138,31421881,1916648,1163444,252114,4229900,9560962,1773821,636505,30624064,557927,325725757,InstrumentationResult
77,1,60000,1080,42,1,42,111,36,6,1,4,6,6g,21g,1,993974220,136482814,2834516,1883613555,37197336,3789511,1630118,272099,7452354,18659515,2362508,885261,96438712,589145,297190532,InstrumentationResult
78,1,60000,600,5,14,70,16,20,4,1,3,5,9g,13g,1,788220000,150696831,650504,283220471,38075059,1934548,982503,347628,4155503,11960130,1999263,757687,57998030,615169,268708617,InstrumentationResult
79,1,60000,60,30,38,1140,79,2,1,1,6,2,3g,28g,1,1006471802,381636413,886354,712237158,34642621,1828664,1734400,169748,4099024,9459055,963538,0,20308012,566977,721174076,InstrumentationResult
80,1,60000,840,7,34,238,83,28,4,1,4,7,6g,29g,1,813399543,161550740,1588442,296414809,37111940,2198843,1368072,208919,5142623,20959619,3069195,802380,131700794,450264,290774924,InstrumentationResult
81,1,60000,840,31,9,279,20,28,7,1,1,4,13g,14g,1,819961008,210689099,1008933,349632827,36552541,3470460,1279033,352196,6671808,13708949,3465529,1193870,50610493,938230,293505624,InstrumentationResult
82,1,60000,300,19,21,399,115,10,5,1,6,2,3g,22g,1,765055650,168072212,1665979,432623240,34663256,3369842,2052935,256931,6908344,9360918,1228970,774475,20194154,603937,419615469,InstrumentationResult
83,1,60000,300,43,46,1978,52,10,2,1,3,5,10g,7g,1,1396207082,200314591,785256,602315144,42132929,2226617,2058406,287745,5365187,16515117,2543502,650985,85266934,582014,416894590,InstrumentationResult
84,1,60000,900,25,3,75,67,30,5,1,3,6,11g,25g,1,847541993,148575595,1563956,288114309,39078158,2503052,1184429,220881,5430520,17603882,3202594,796652,102414471,490651,307007975,InstrumentationResult
85,1,60000,180,50,27,1350,4,6,2,1,6,3,5g,11g,1,11944741568,201853077,197798,594710480,38845545,767603,608508,259991,2131050,8033920,1463882,527756,28301779,468492,335079129,InstrumentationResult
86,1,60000,90,13,40,520,99,3,3,1,2,1,8g,18g,1,1198158771,157626965,1175589,657684422,36033536,2113387,1607011,148488,4615566,1876118,809929,604539,1799529,658759,610276135,InstrumentationResult
87,1,60000,720,37,15,555,36,24,6,1,5,4,2g,3g,1,1311571035,144085787,947002,366657943,24726034,3051979,1309536,281898,6087754,12093824,2291267,938966,51580652,859211,309025013,InstrumentationResult
88,1,60000,1470,16,49,784,12,49,7,1,5,7,9g,23g,1,958182546,151510211,1008037,385786771,39075932,2557571,1243805,258088,5568282,23904025,4047624,1362164,143800998,707582,290183616,InstrumentationResult
89,1,60000,480,40,24,960,75,16,4,1,2,4,2g,9g,1,1036652056,273164345,,502384701,27433229,3061188,2209906,315586,6901740,13478717,1818748,852416,63186526,632332,395903944,InstrumentationResult
90,1,60000,120,4,12,48,44,4,2,1,7,2,12g,16g,1,756660197,137716087,639846,282058843,37281415,1134987,715096,210896,2617029,8310916,1088955,522129,17055519,470959,355711395,InstrumentationResult
91,1,60000,750,28,37,1036,107,25,5,1,4,5,6g,2g,1,932898204,179975238,1641931,450222095,35166605,4830865,2970167,351925,10344168,17562121,2863653,1107600,82049464,781270,368181590,InstrumentationResult
92,1,60000,180,10,18,180,28,6,1,1,3,6,4g,27g,1,821402573,147487327,408184,346474468,34931142,813317,576478,185271,1918796,9212038,2212531,0,55880574,354326,394034312,InstrumentationResult
93,1,60000,360,34,43,1462,91,12,4,1,6,3,10g,13g,1,1067977612,174716080,1329136,623086252,39464531,3373632,2891021,236575,7448558,11977334,1583159,861397,37093056,729388,2341865276,InstrumentationResult
94,1,60000,360,22,30,660,60,12,6,1,2,2,7g,20g,1,944614650,162893048,1154082,503326132,33563017,3049248,1684827,273467,6385648,10593667,1192124,826096,20349548,633335,408611211,InstrumentationResult
95,1,60000,450,47,6,282,123,15,3,1,5,5,14g,5g,1,837756608,160938290,1833809,306364972,35823951,3159935,1987708,288050,6707223,14617484,3276143,784858,68344171,588388,371921112,InstrumentationResult
96,1,60000,240,8,47,376,46,8,4,1,4,2,3g,20g,1,793158723,148022474,810760,384705554,37799807,1888225,1101412,218007,4128362,8493632,926073,651327,18962367,544183,363073702,InstrumentationResult
97,1,60000,150,32,22,704,109,5,1,1,7,5,9g,6g,1,848193134,15269787437,1056321,903681094,38804458,1991331,1727222,227013,4371504,16115186,1454507,0,71101767,475110,459072495,InstrumentationResult
98,1,60000,540,20,10,200,14,18,3,1,2,6,6g,28g,1,867048422,144152723,418823,304563102,34091688,1028738,595685,210183,2531254,15904815,2911317,564728,91521729,453733,249637689,InstrumentationResult
99,1,60000,540,44,34,1496,77,18,6,1,5,3,12g,13g,1,1197733376,212046183,1426409,665810306,34561772,4352868,2863402,350249,9539925,13325667,1896957,1149292,39426738,908474,397298226,InstrumentationResult
100,1,60000,90,14,16,224,62,3,3,1,5,1,11g,17g,1,8332707894,140143926,816135,630789509,33997227,1507529,975933,142618,3266481,1200861,711658,535422,1447541,486994,474143347,InstrumentationResult
101,1,60000,720,38,40,1520,125,24,6,1,2,4,4g,2g,1,1095313354,307629381,1689153,2053099764,27012774,5619199,4234979,271363,12590942,21629153,5617312,1614056,69808232,820982,400569751,InstrumentationResult
102,1,60000,900,1,28,28,30,30,5,1,6,6,14g,24g,1,780299388,145402344,973257,293479179,35313241,1792047,777203,284838,4031655,17570760,2778019,778348,100201580,489749,274139469,InstrumentationResult
103,1,60000,180,26,4,104,93,6,2,1,3,3,7g,9g,1,781298867,183471735,1141401,286127147,31637498,1841841,1187352,229423,3813098,8064445,1522703,537836,25608692,465052,379870629,InstrumentationResult
104,1,60000,60,23,37,851,117,2,1,1,3,2,13g,18g,1,964053652,178089092,1251890,593417987,353696578,2235629,2053098,170188,4828902,9651516,970854,0,20474606,583154,790236561,InstrumentationResult
105,1,60000,600,47,13,611,54,20,4,1,6,5,7g,4g,1,825138223,267695108,1018816,1112854166,39746361,2725860,1598574,311887,5964043,13849453,2441260,878364,75762697,671373,312858096,InstrumentationResult
106,1,60000,1260,11,25,275,85,42,6,1,1,7,10g,26g,1,885470142,196122834,2289711,316938383,35966314,3123483,1818617,283329,7242262,23764403,3693381,1167431,164343825,541854,316281293,InstrumentationResult
107,1,60000,360,35,50,1750,22,12,3,1,4,4,3g,11g,1,17018083683,223706244,567579,644418494,38953935,1794023,1476857,284441,4482018,10686409,2366664,698569,42853656,565123,319317315,InstrumentationResult
108,1,60000,210,4,7,28,101,7,7,1,5,1,5g,22g,1,769674861,151354699,1438998,286179658,38395474,2686306,1172738,151268,5441444,1147151,760133,662987,1719726,494925,501738203,InstrumentationResult
109,1,60000,480,29,31,899,38,16,4,1,2,4,11g,8g,1,921192233,325200415,862555,440544000,38343030,2428566,1480245,260226,5485449,11848115,1877157,945510,49086742,664035,343964139,InstrumentationResult
110,1,60000,360,17,43,731,69,12,2,1,6,6,2g,29g,1,1222405127,219597780,1064795,398513968,26716267,1858282,1534516,222458,4300996,15061375,2967908,585994,100412642,528194,319540687,InstrumentationResult
111,1,60000,450,41,19,779,6,15,5,1,3,3,8g,15g,1,1170669740,155485371,418681,453179193,40447000,1870493,856824,307620,3902865,10600626,1419180,700607,30133455,557512,298862689,InstrumentationResult
112,1,60000,900,18,11,198,26,30,6,1,2,5,11g,12g,1,3191246479,261436322,1170045,293401181,36539187,3606210,1722444,111458,6559381,4956417,3215648,1249855,13342695,500300,309959972,InstrumentationResult
113,1,60000,180,43,36,1548,89,6,3,1,5,2,5g,27g,1,1015991876,176048980,1153210,1695447604,40100132,2788587,2689642,205130,6454799,10794325,1544301,735733,23632506,736431,543581736,InstrumentationResult
114,1,60000,90,6,48,288,58,3,1,1,3,3,8g,5g,1,827771210,162985020,653394,518954049,36761585,1194294,840409,186368,2588714,8030050,939660,0,26526242,414658,393187069,InstrumentationResult
115,1,60000,720,30,24,720,121,24,4,1,6,6,1g,19g,1,16499358956,146912873,2008855,401162591,34420406,3731315,2598784,268508,7898704,19130002,5234747,975837,106322582,604202,367824546,InstrumentationResult
116,1,60000,240,12,30,360,10,8,2,1,6,4,6g,8g,1,16844871194,249254875,337629,298076271,32691678,1006028,647290,260557,2518964,11601949,1905811,528786,39690702,471046,306921566,InstrumentationResult
117,1,60000,150,37,5,185,73,5,5,1,3,1,13g,23g,1,9320840948,157153601,1094741,407966939,36911837,2196575,1117619,143929,4615701,1503909,773146,638606,1550560,535976,435456608,InstrumentationResult
118,1,60000,540,24,17,408,42,18,6,1,4,3,3g,1g,1,4019188179,151543971,990510,373843925,39105162,2984515,1137485,258541,5436064,10675008,1367122,773547,30894233,625879,287294551,InstrumentationResult
119,1,60000,540,49,42,2058,105,18,3,1,1,6,9g,16g,1,1207272470,229365939,1452102,3264249335,40303085,3562231,3662313,241354,8531001,22267542,3859396,919085,129918693,617714,398206650,InstrumentationResult
120,1,60000,450,3,21,63,65,15,3,1,1,5,4g,10g,1,728678656,174378892,1076867,284812157,42776563,2028881,1167129,306422,4568785,12202054,2875096,688527,64878272,576803,296915836,InstrumentationResult
121,1,60000,360,27,45,1215,2,12,6,1,4,2,10g,25g,1,1021726430,184322951,340680,2017128879,32681389,2053372,896290,245735,4099837,8857520,1051919,748824,20237657,545323,332000426,InstrumentationResult
122,1,60000,600,15,33,495,97,20,5,1,3,4,7g,3g,1,968559467,166749904,1331004,521558900,35642848,3523221,2012765,297709,7367399,12943974,2190634,941388,53603344,687630,366208284,InstrumentationResult
123,1,60000,420,40,8,320,34,14,2,1,6,7,13g,18g,1,838543258,163632722,700717,359555231,38786872,1266662,827601,227741,2896310,15240180,3221236,540201,112021981,506463,321841507,InstrumentationResult
124,1,60000,750,21,39,819,81,25,5,1,7,5,9g,14g,1,955240259,187593573,1746461,378862663,472623355,4160624,2578288,398019,8804314,15880374,2828821,1101410,83753949,820362,329960279,InstrumentationResult
125,1,60000,120,46,14,644,18,4,2,1,4,2,2g,28g,1,919859992,136002982,354824,498596959,32975830,969186,714978,199967,2414287,8555900,1084081,507826,17767727,471598,370623266,InstrumentationResult
126,1,60000,360,9,2,18,113,12,4,1,5,3,12g,7g,1,738629904,147329201,1677831,264856882,44307786,2802858,1505814,263955,5906328,9359961,1503131,690225,28150334,579492,372058825,InstrumentationResult
127,1,60000,1260,34,27,918,50,42,7,1,2,6,5g,21g,1,975596915,157303316,1516638,394583500,39619307,3443636,1938369,255738,7736891,23175352,3548935,1298760,118322852,494538,313922054,InstrumentationResult
128,1,60000,480,17,39,663,121,16,4,1,4,4,7g,22g,1,896230165,165400879,1886512,411311511,34449913,3737349,2710050,272483,8187592,12082226,1826357,998235,49319238,629473,477807951,InstrumentationResult
129,1,60000,1470,42,15,630,57,49,7,1,7,7,14g,8g,1,16821834843,249355202,2171663,503818129,41560814,5514328,2563835,685665,10670904,27032174,5090218,1564654,157274359,908350,425853263,InstrumentationResult
130,1,60000,750,5,3,15,89,25,5,1,2,5,4g,29g,1,16669272995,135696525,2430930,287273568,40022037,2810082,1371677,247916,6043043,14965177,2650310,1030604,64206029,562687,321534111,InstrumentationResult
131,1,60000,120,30,27,810,25,4,2,1,5,2,11g,15g,1,1019657942,166360588,434853,584250074,39872957,1088385,905759,198275,2712835,8693379,1107965,539450,17661024,484479,425409026,InstrumentationResult
132,1,60000,450,11,21,231,105,15,5,1,4,3,12g,19g,1,832986532,157272681,1646431,407408378,38090762,3354828,1664902,263422,6543165,12852539,1475935,819641,31411686,605369,389362868,InstrumentationResult
133,1,60000,360,36,46,1656,41,12,2,1,1,6,6g,4g,1,1122557378,15736617896,638391,521037850,30315909,1823004,1592866,257264,4424839,18876126,3529234,683022,107878478,529143,442708248,InstrumentationResult
134,1,60000,450,23,33,759,73,15,3,1,6,5,9g,26g,1,16365653501,185108687,1266436,413107075,32862586,2220371,1667247,247165,5144317,14129831,3332863,857977,72607236,511425,447304321,InstrumentationResult
135,1,60000,360,48,9,432,9,12,6,1,3,2,2g,11g,1,880627811,141063824,461147,1216217473,34522746,2164367,867870,238516,4231381,8814621,1044639,739977,19434553,539782,291027928,InstrumentationResult
136,1,60000,540,2,30,60,33,18,6,1,3,3,8g,17g,1,774126701,145434689,924782,274499168,35428508,2533424,978697,315668,5009792,9790185,1243362,759941,33894892,597212,302038715,InstrumentationResult
137,1,60000,540,26,6,156,97,18,3,1,6,6,2g,2g,1,4250784024,161617623,1306077,367779271,40794413,2269808,1347671,247515,5305825,17361998,4284027,822466,96156124,607672,316426369,InstrumentationResult
138,1,60000,300,14,18,252,1,10,2,1,2,5,11g,24g,1,934095977,16120090469,168806,404278395,36482082,582355,402911,193871,1653870,10224183,2233632,557323,49876259,423158,293480987,InstrumentationResult
139,1,60000,300,39,43,1677,65,10,5,1,5,2,5g,9g,1,1029985256,348523821,916545,756369723,35408384,3463960,2515521,222652,7237127,10778457,1155132,886037,23486179,761399,464617964,InstrumentationResult
140,1,60000,90,20,12,240,49,3,1,1,5,3,3g,20g,1,766659046,141809181,638066,341164883,35515656,1126632,800015,196650,2485458,8276957,923901,0,24951074,389912,441081789,InstrumentationResult
141,1,60000,720,45,36,1620,113,24,4,1,2,6,10g,6g,1,1095610449,178026294,1706950,462847284,37260978,4621466,4090072,306987,10678595,27027861,3062566,1260616,144940999,729017,401116976,InstrumentationResult
142,1,60000,720,8,49,392,17,24,6,1,7,4,7g,28g,1,896230232,158642672,820854,899741428,38671776,2749630,1311955,255469,5416409,11444459,1889093,951413,46736758,573426,287311687,InstrumentationResult
143,1,60000,90,33,24,792,81,3,3,1,4,1,13g,13g,1,957810113,169931381,994691,818592017,34965953,2039726,1694875,145711,4532266,2377667,826614,608474,1728144,706467,675203594,InstrumentationResult
144,1,60000,420,10,4,40,77,14,2,1,2,7,9g,14g,1,2386012913,159729884,1150464,1819547870,41897745,1537868,927944,216537,3411974,13345664,3116694,523941,88902662,447280,440410417,InstrumentationResult
145,1,60000,600,34,29,986,13,20,5,1,5,4,3g,29g,1,1077079872,161496180,558149,454196943,35833787,2299097,1296056,236963,4901370,11233896,1916462,905125,43206161,586120,279178156,InstrumentationResult
146,1,60000,420,22,41,902,109,14,7,1,4,2,13g,7g,1,993539926,178497177,1705959,627956404,36349226,4457924,2675316,189300,9159692,10975636,1329539,1366550,24205089,805810,456913591,InstrumentationResult
147,1,60000,600,46,17,782,45,20,4,1,7,5,6g,21g,1,991993525,148109886,919419,759980009,34151443,2335277,1545544,270225,5180449,17159774,1902215,758305,70784486,568199,300110114,InstrumentationResult
148,1,60000,1080,16,35,560,93,36,6,1,6,6,1g,10g,1,1025918526,140742947,1977313,412860991,29945113,5186205,2510437,420227,10174887,22281840,3593175,1419095,126563876,949039,316356840,InstrumentationResult
149,1,60000,270,40,10,400,29,9,3,1,3,3,8g,25g,1,858333732,194345052,609252,387422317,38158125,1504090,901884,214012,3372085,8278066,1706653,595819,26610287,493130,305738057,InstrumentationResult
150,1,60000,120,3,23,69,125,4,2,1,4,2,5g,3g,1,787507523,139655096,1215619,329878980,33911608,1787586,1123726,178097,3677645,7923685,1060427,506981,16550023,451817,428276090,InstrumentationResult
151,1,60000,750,28,47,1316,61,25,5,1,1,5,11g,18g,1,1069119076,203823279,1611193,472696836,37957854,3338830,2354705,274258,7446082,17035464,2410193,1047119,77902569,661077,328279439,InstrumentationResult
152,1,60000,1050,25,13,325,21,35,5,1,1,7,5g,9g,1,858333371,137183891,988475,515379654,48395774,2456415,1052149,429631,5312689,23368951,3309983,1094823,140222600,694517,315425126,InstrumentationResult
153,1,60000,240,49,38,1862,85,8,2,1,4,4,12g,23g,1,1447474967,182258527,1094921,632738924,35638296,2607558,2759296,181425,6326541,16084912,2528778,725365,65581152,573494,421350699,InstrumentationResult
154,1,60000,240,13,26,338,53,8,4,1,3,2,2g,1g,1,1052295967,392272722,687169,396349756,35268478,1757443,1175452,222237,3926474,9552586,953097,628105,20517076,825908,320868188,InstrumentationResult
155,1,60000,1050,37,1,37,117,35,7,1,6,5,9g,16g,1,943956223,155398185,3826229,262597461,34392022,4113430,1611905,300927,8168499,16405394,2442352,1087058,72221999,612616,348064677,InstrumentationResult
156,1,60000,540,7,44,308,5,18,3,1,6,6,13g,12g,1,4610292660,159925290,308485,315362631,39777813,1294196,715130,337292,3211178,16115261,3352503,704111,125581558,601772,391656584,InstrumentationResult
157,1,60000,540,31,20,620,69,18,6,1,3,3,7g,27g,1,1038986554,194951244,1481095,436652497,37795737,3642986,2032227,250438,7462314,11659782,1384403,1052038,32008095,607247,411772400,InstrumentationResult
158,1,60000,120,19,7,133,37,4,4,1,5,1,10g,5g,1,791117795,139759530,540594,389523003,34587163,1362984,719011,144453,3049873,1169649,706543,529101,1375685,459405,372434866,InstrumentationResult
159,1,60000,120,43,32,1376,101,4,1,1,2,4,4g,19g,1,1073430171,290383762,1126066,806127255,38523943,2271301,2303946,191163,5124440,10467457,1158398,0,44566515,498961,1054528137,InstrumentationResult
160,1,60000,360,4,17,68,51,12,6,1,6,2,12g,6g,1,781074504,136864239,980891,297515358,38544940,2597931,1035084,257038,4965560,9403683,1120775,825633,19739794,565307,358700228,InstrumentationResult
161,1,60000,450,29,42,1218,115,15,3,1,3,5,5g,21g,1,1096288593,196271523,1593606,446889910,37754439,3267751,2904101,235932,7471930,17437578,3083832,875118,87534938,591516,500560845,InstrumentationResult
162,1,60000,210,17,30,510,19,7,1,1,4,7,8g,14g,1,2692206758,236629337,261276,868903065,45992999,579415,454328,94059,1408128,1210925,991615,0,7796624,259980,747790026,InstrumentationResult
163,1,60000,480,41,5,205,83,16,4,1,1,4,2g,28g,1,829368558,156823770,1477492,321151071,37942202,2893567,1476480,266865,5801152,12791621,1650704,763296,42333487,509651,344982022,InstrumentationResult
164,1,60000,60,23,48,1104,35,2,2,1,2,1,7g,3g,1,1048705451,173502898,377409,1019489260,34790921,1051876,988244,109038,2639091,2016325,723726,492095,1451441,539740,629825679,InstrumentationResult
165,1,60000,600,47,23,1081,99,20,5,1,5,4,13g,17g,1,17011254551,148009645,1913604,469427914,33409402,4524178,3006585,265062,9765330,15503691,2244204,1197073,51055467,740452,342097178,InstrumentationResult
166,1,60000,1080,10,11,110,3,36,6,1,4,6,3g,10g,1,16838810212,298094057,582285,1096526569,37599566,2775701,934658,454210,5467547,21141835,3006274,1127528,102947608,699080,249647175,InstrumentationResult
167,1,60000,270,35,36,1260,67,9,3,1,7,3,10g,24g,1,1145667218,201329853,992040,583881154,37062733,2291256,1987425,194486,5395438,10308490,1903528,764119,33501702,590162,789034054,InstrumentationResult
168,1,60000,180,13,2,26,107,6,3,1,7,2,3g,5g,1,785725740,138130730,1216092,258682707,36644815,2076358,1170743,212423,4149277,8050545,1133713,576852,17276921,483231,386043889,InstrumentationResult
169,1,60000,900,38,26,988,43,30,6,1,4,5,9g,19g,1,961995779,148934267,1453480,406168261,33078485,3377772,1853546,303360,6972122,15896161,2237469,1055683,74657291,625775,436961092,InstrumentationResult
170,1,60000,720,1,39,39,75,24,4,1,5,6,6g,12g,1,854059677,137185796,1452373,261656135,40519650,2697789,1292613,327154,5621933,17409067,2608715,829914,97813767,658436,345863126,InstrumentationResult
171,1,60000,90,26,14,364,11,3,1,1,2,3,12g,26g,1,869757963,146340154,235396,491855165,723381416,608258,452596,154189,1563044,7714817,860036,0,24050555,366676,471777253,InstrumentationResult
172,1,60000,150,7,33,231,123,5,5,1,2,1,8g,8g,1,859682370,139470597,1445835,455455412,35987462,2760207,1471488,145403,5531578,1634518,782101,655192,1631261,610378,528634683,InstrumentationResult
173,1,60000,240,32,8,256,59,8,2,1,5,4,1g,23g,1,754281653,223582642,894269,576475031,27298004,1620317,1040937,226855,3468940,10917568,1969159,560419,38163224,466668,411022526,InstrumentationResult
174,1,60000,720,20,20,400,91,24,4,1,3,6,11g,15g,1,791650867,154756698,1697186,1336474498,42434774,3269746,1981742,317474,7052782,19198562,2855014,1009383,109555878,650087,393528243,InstrumentationResult
175,1,60000,630,44,45,1980,27,21,7,1,6,3,4g,30g,1,1094445075,177981187,919381,717452257,33946391,4138092,2443104,292432,8194037,13929701,1527696,1231906,40311634,689215,1035893001,InstrumentationResult
176,1,60000,600,21,28,588,7,20,4,1,5,5,1g,27g,1,16113753771,140136154,425310,342119024,35701269,1498783,735642,270019,3395592,13082129,1913653,705695,66038500,554104,346115107,InstrumentationResult
177,1,60000,60,46,3,138,71,2,1,1,2,2,8g,13g,1,850245710,166942674,813022,328937627,33676139,1240354,851721,168356,2627411,7404372,784506,0,15949122,395945,534291850,InstrumentationResult
178,1,60000,360,9,16,144,39,12,3,1,6,4,5g,20g,1,806073195,16235510240,861275,261273446,31800677,1806865,975862,270717,3807385,9362259,2248522,647983,38151171,521872,303993973,InstrumentationResult
179,1,60000,1260,33,40,1320,103,42,6,1,3,7,11g,5g,1,1104277582,521989848,3154037,1606382666,45776357,6318807,3854370,437984,12789862,32788705,3792377,1489062,206873514,916999,460402559,InstrumentationResult
180,1,60000,600,3,10,30,23,20,4,1,4,5,10g,24g,1,810902354,177360436,765502,1218902728,36217798,1457188,752105,222899,3358839,12416919,1912192,694038,67788142,508713,277764475,InstrumentationResult
181,1,60000,420,27,34,918,87,14,7,1,7,2,3g,9g,1,999414568,165781103,1426850,590107585,35414329,4016868,2425239,231145,8481388,12402130,1292551,1033376,22647287,767522,430438920,InstrumentationResult
182,1,60000,450,15,46,690,55,15,5,1,2,3,13g,16g,1,964223420,153386212,1026930,2185612976,34500762,2930844,1596271,260979,5950399,10555158,1435892,824263,31464574,607516,325055140,InstrumentationResult
183,1,60000,360,39,22,858,119,12,2,1,5,6,6g,2g,1,4724173353,150195683,1088702,395788425,42400197,2669934,2189744,238063,5942424,20245822,3129743,701216,137312410,551411,927700238,InstrumentationResult
184,1,60000,300,12,43,516,95,10,2,1,5,5,14g,25g,1,921149387,170020668,1174183,463876602,376183048,2057632,1579864,179541,4450420,11071624,2503002,580433,59472431,461295,516331783,InstrumentationResult
185,1,60000,300,36,19,684,31,10,5,1,2,2,7g,11g,1,895494261,166247793,688241,1168819316,37279756,2204969,1149642,251066,4571768,8904022,981676,737390,19620900,547076,376283786,InstrumentationResult
186,1,60000,720,24,7,168,127,24,6,1,6,4,10g,18g,1,1119366047,148991576,2462526,304758045,32422545,4927553,2184898,258379,9166739,12384216,1897250,972011,46174249,590330,358105078,InstrumentationResult
187,1,60000,630,49,31,1519,63,21,3,1,3,7,4g,4g,1,12864233781,249041581,977359,446702156,147495947,2900715,2320340,348790,6900317,24743295,4467958,881005,183708703,600601,313776216,InstrumentationResult
188,1,60000,840,18,25,450,79,28,7,1,3,4,6g,29g,1,15523458445,184530746,2220168,345949848,35184378,5393606,2505608,341141,9999650,14301233,2134338,1074700,52661198,594801,303969807,InstrumentationResult
189,1,60000,120,43,49,2107,15,4,4,1,6,1,12g,14g,1,1566799525,183059698,334506,1594922533,33054063,1586232,1161450,162107,3691799,6239108,763444,610106,1554163,593194,694522989,InstrumentationResult
190,1,60000,180,6,37,222,111,6,2,1,1,3,2g,22g,1,741391341,152491673,1353112,308984683,37196084,2122885,1443267,224026,4355865,8663298,1511805,547348,28076928,477894,388057893,InstrumentationResult
191,1,60000,900,30,13,390,47,30,5,1,4,6,9g,7g,1,783932930,161436768,1108049,325170037,38914803,2950828,1404833,340028,6344440,19977092,3357150,1134306,116125617,678096,314750456,InstrumentationResult
192,1,60000,90,11,37,407,32,3,3,1,5,1,12g,16g,1,831817516,189835481,490434,531065272,41354527,1171352,777435,144839,2697938,1574908,687490,510499,1654516,476164,465866345,InstrumentationResult
193,1,60000,720,35,12,420,96,24,6,1,2,4,5g,2g,1,876761589,161476190,1951901,380964751,39809918,4341525,2025079,278818,8302720,14592006,2254255,1027786,49988170,721795,307699289,InstrumentationResult
194,1,60000,720,23,25,575,64,24,4,1,7,6,8g,23g,1,950446920,157865394,1376464,862074546,39049486,2646344,1704579,267200,5909387,16724597,2392158,851493,93651242,594611,293570883,InstrumentationResult
195,1,60000,90,48,49,2352,128,3,1,1,4,3,2g,9g,1,1181431139,200209079,1105902,873891567,25983548,3073502,3815941,178323,7441484,14340080,1246403,0,51116620,758945,740803048,InstrumentationResult
196,1,60000,300,17,6,102,16,10,5,1,3,2,7g,20g,1,782050810,145965936,522417,286416092,38789592,1751065,820991,238636,3695135,9033763,972405,683432,18749521,522599,286208986,InstrumentationResult
197,1,60000,300,41,31,1271,80,10,2,1,6,5,13g,5g,1,3730212960,187453578,977183,458544981,34981772,2297548,2141408,234542,5572658,15377283,2833736,700289,78987501,575561,375481665,InstrumentationResult
198,1,60000,630,5,43,215,48,21,3,1,1,7,3g,27g,1,862528209,174276808,994015,308950505,33881834,1629766,982780,247290,3621267,22363556,3777738,590196,134368314,505550,327843933,InstrumentationResult
199,1,60000,720,29,18,522,112,24,6,1,4,4,10g,12g,1,1107808290,143538535,2049138,428672873,39533776,4831040,2357462,332324,9592833,14143535,2174378,1194272,53551396,830253,310914913,InstrumentationResult
200,1,60000,180,20,46,920,72,6,6,1,4,1,4g,22g,1,933041091,157673678,1098812,858656044,33570204,3048382,1848890,165104,6424945,3887415,897889,811481,1849602,682098,576157776,InstrumentationResult
201,1,60000,360,44,21,924,8,12,3,1,1,4,11g,7g,1,989931089,192724755,371021,453086920,43519147,1362083,902080,311592,3425019,11478442,2382246,678437,46194981,575624,311000479,InstrumentationResult
202,1,60000,180,8,9,72,104,6,1,1,6,6,7g,29g,1,835950141,164728295,1143679,1163235646,42052716,1476716,981229,148273,2949588,7982988,1073068,0,51030866,333966,859972296,InstrumentationResult
203,1,60000,360,32,34,1088,40,12,4,1,3,3,14g,14g,1,1068806676,167492759,792857,521275308,33622467,2244419,1580131,263479,5050430,13273765,1545270,792654,32963265,670871,347053415,InstrumentationResult
204,1,60000,120,2,15,30,88,4,2,1,3,2,9g,18g,1,819118692,140615498,1071253,259247707,33197353,1557550,999092,190688,3295145,7701065,1056977,506401,16779088,451771,516769477,InstrumentationResult
205,1,60000,750,26,40,1040,24,25,5,1,6,5,3g,3g,1,17395713170,160819944,662054,457633804,26164845,2790640,1630885,394264,5943847,15462140,2670804,1130509,70812565,698343,305811157,InstrumentationResult
206,1,60000,1260,14,28,392,120,42,7,1,2,6,12g,25g,1,16358348569,150032960,3697017,313193817,35108919,4474454,2767328,244357,10004126,23043891,4079141,1455816,124143963,563566,324024144,InstrumentationResult
207,1,60000,360,38,3,114,56,12,4,1,5,3,6g,11g,1,839938526,167131691,1083069,309605890,35176804,2197740,1143852,303398,4512386,9122296,1319453,680317,30058856,591228,299660629,InstrumentationResult
208,1,60000,150,15,20,300,44,5,1,1,7,5,2g,10g,1,836170968,16681813139,604490,394165519,53225755,1105251,772184,209250,2471512,10225849,1147801,0,47939241,393881,635572132,InstrumentationResult
209,1,60000,240,40,44,1760,108,8,4,1,4,2,9g,24g,1,1109055364,187696713,1429903,896131594,33408049,3731999,3446090,201437,8588617,13222117,1234358,927994,27180681,879655,553240440,InstrumentationResult
210,1,60000,540,3,32,96,12,18,6,1,5,3,5g,2g,1,844529229,137978219,562103,287196335,36722327,2268125,842223,267242,4284272,13395475,16112924,756337,30315967,588391,285233680,InstrumentationResult
211,1,60000,540,28,8,224,76,18,3,1,2,6,12g,17g,1,872816284,146821926,1440064,448214334,34617867,2209538,1237318,281175,4644041,15571618,5308948,606924,103935466,517577,296397272,InstrumentationResult
212,1,60000,900,9,38,342,60,30,6,1,1,5,10g,13g,1,14368509520,170254036,1424305,367849521,39645172,3959855,1770363,394137,8038471,16271504,2633590,1070641,90077502,772790,304155918,InstrumentationResult
213,1,60000,180,34,14,476,124,6,3,1,4,2,4g,28g,1,16454284568,143345837,1519238,468937535,37480501,2613057,2015607,202384,5625971,10652269,1312151,652687,20164880,603580,596502592,InstrumentationResult
214,1,60000,240,21,2,42,28,8,2,1,3,4,14g,6g,1,1787087172,164094044,538308,252707458,38986628,1155026,693913,277185,2771694,10033239,2008415,557634,42029435,480670,260958906,InstrumentationResult
215,1,60000,1050,46,26,1196,92,35,5,1,6,7,7g,21g,1,1102441080,200004890,2749866,391257121,819217192,4406920,3256241,293557,9973598,30524167,4142555,1275858,157075605,707144,340543891,InstrumentationResult
216,1,60000,600,6,11,66,116,20,5,1,6,4,13g,15g,1,8158070687,134903437,1920592,3101748784,40283807,3737795,1824348,326017,7717951,12294711,2047713,818580,48048317,759546,360171623,InstrumentationResult
217,1,60000,60,31,35,1085,52,2,2,1,3,1,6g,30g,1,1047220098,172338903,651728,953955755,22499072,1445505,1294509,128096,3360413,2128821,787934,514012,1606821,622215,736542007,InstrumentationResult
218,1,60000,270,18,48,864,84,9,3,1,5,3,9g,8g,1,931840149,156938584,1144583,489369828,42023880,2551491,2035388,239432,5606144,10009954,1880080,698916,33572685,587448,398699016,InstrumentationResult
219,1,60000,1080,43,23,989,20,36,6,1,2,6,3g,22g,1,1106017314,151533780,972044,400102522,33047698,2500517,1317438,303635,5610609,18420158,2455569,894018,98131176,628135,285342220,InstrumentationResult
220,1,60000,600,25,29,725,100,20,4,1,2,5,5g,12g,1,932359261,174102958,1608752,392741863,39785199,3686195,2450117,340483,7931476,15781080,2478065,965194,72970006,688459,359317878,InstrumentationResult
221,1,60000,420,49,5,245,36,14,7,1,5,2,11g,26g,1,788931739,198732745,974177,370604462,39998872,2934768,1182149,249003,5679546,9085579,1343626,970402,19970755,612505,303504566,InstrumentationResult
222,1,60000,450,12,17,204,68,15,5,1,4,3,1g,4g,1,626192842,138215298,1057956,305222626,31873588,2663631,1234800,366711,5705864,9857110,1523735,763089,29655745,565865,331381701,InstrumentationResult
223,1,60000,360,37,41,1517,4,12,2,1,7,6,8g,19g,1,1315429910,201711695,253447,481513022,38740213,795647,614632,245676,2178763,16497633,2656098,538484,114702755,502770,281263843,InstrumentationResult
224,1,60000,630,24,8,192,86,21,7,1,1,3,6g,3g,1,888002256,203120069,1961186,310211753,31294976,3778611,1510929,237451,7453712,10347416,1534783,881192,33697875,670429,373233017,InstrumentationResult
225,1,60000,720,48,33,1584,22,24,4,1,4,6,13g,17g,1,3197839190,180910142,650143,464673925,34651595,2052568,1455372,281932,4898479,16841157,2151056,705876,93140915,557473,302163866,InstrumentationResult
226,1,60000,240,12,45,540,118,8,2,1,3,4,3g,10g,1,11345661463,141444050,1395511,343695281,32658481,2483732,1897467,236086,5278811,11249458,2014507,578534,45082256,507805,406641354,InstrumentationResult
227,1,60000,150,36,21,756,54,5,5,1,6,1,9g,25g,1,903546420,176307283,834323,818359260,35842370,2155389,1425522,154407,4752341,3379143,843155,686041,1667607,649618,533321720,InstrumentationResult
228,1,60000,120,5,27,135,70,4,1,1,7,4,11g,7g,1,787152383,142862380,788576,1656653432,39437093,1317963,885144,216558,2797012,9256032,1055078,0,41480814,406325,373813461,InstrumentationResult
229,1,60000,840,30,2,60,6,28,4,1,4,7,4g,21g,1,780529813,16363123163,553962,1342376201,37287204,1493836,674612,285265,3283901,19772676,2436834,708130,129472026,582094,255204392,InstrumentationResult
230,1,60000,900,18,15,270,102,30,6,1,5,5,8g,14g,1,13569659060,153198884,1907472,311580608,35009583,4864840,2462031,391744,9538102,16472458,2723359,1160187,76260558,873541,317948350,InstrumentationResult
231,1,60000,180,42,39,1638,38,6,3,1,2,2,1g,28g,1,1326574432,160778195,663289,953998638,26512575,1845543,1559218,214165,4317653,9953734,1250510,652362,20942980,600636,454601651,InstrumentationResult
232,1,60000,270,8,24,192,14,9,3,1,2,3,8g,5g,1,9649132550,152404896,382687,276094786,33100851,1262400,754885,285776,2912303,8804994,1575403,594017,31044602,526322,264073840,InstrumentationResult
233,1,60000,1080,33,48,1584,78,36,6,1,5,6,2g,19g,1,3452585966,174611812,2780535,3794085024,21963672,4556795,3392585,324564,10482141,23399051,2757858,1243291,117354669,682518,326213134,InstrumentationResult
234,1,60000,600,21,36,756,46,20,5,1,3,4,12g,12g,1,1037129239,166186459,1078650,411400893,36042734,3233953,1942024,365885,6853657,12110560,2061164,927329,50046787,633636,300699621,InstrumentationResult
235,1,60000,60,45,12,540,110,2,2,1,6,1,5g,26g,1,925331723,155450097,1240052,649904996,35635553,2109628,1682386,134129,4455433,1459924,816551,526715,1602352,644467,773464402,InstrumentationResult
236,1,60000,360,15,42,630,30,12,4,1,6,3,4g,1g,1,996673224,146567962,547945,416976411,36523720,1965589,1152878,211592,4203891,10196408,1421539,713440,29402929,574996,302680859,InstrumentationResult
237,1,60000,180,39,18,702,94,6,1,1,3,6,10g,16g,1,904102887,16854756643,1025576,488713418,36707212,1790597,1567044,179884,3877269,10191249,1163740,0,62219620,392805,559751660,InstrumentationResult
238,1,60000,450,2,5,10,62,15,3,1,4,5,7g,8g,1,703270337,16736554695,1081699,1660661611,42128530,2054023,1093784,332239,4316825,13028858,2462672,606620,58177262,512553,291567448,InstrumentationResult
239,1,60000,360,27,30,810,126,12,6,1,1,2,13g,23g,1,8473369810,170001148,1901009,571163851,41878671,4485615,2942090,222422,9372120,11178199,1274513,975217,24636724,839158,480393259,InstrumentationResult
240,1,60000,900,4,50,200,98,30,5,1,3,6,10g,26g,1,825378590,148465144,2052146,298299369,35646511,2966110,1563284,253772,6533103,18890649,3195105,1028258,103400262,527926,388560488,InstrumentationResult
241,1,60000,180,28,25,700,34,6,2,1,6,3,4g,11g,1,17511673780,155234024,594246,429291115,36197063,4800678,1025121,234781,6593180,11897972,1493327,543761,26533881,480796,357393477,InstrumentationResult
242,1,60000,240,16,13,208,66,8,4,1,1,2,14g,18g,1,777359054,179992225,1024587,330032606,34840490,2156555,1192210,246348,4452291,8984082,935501,636721,18770970,531458,348688596,InstrumentationResult
243,1,60000,1050,41,38,1558,2,35,7,1,4,5,7g,4g,1,1172239804,200312519,626884,529751856,41965512,3228216,1197314,392713,6218868,15937245,3173522,1111959,86427613,866298,278057814,InstrumentationResult
244,1,60000,630,22,19,418,114,21,3,1,5,7,2g,29g,1,874302911,313429524,1779244,2406865162,37154481,2771584,1951891,265449,5974233,20336987,4325794,719120,138307149,549313,385456254,InstrumentationResult
245,1,60000,720,47,44,2068,50,24,6,1,2,4,9g,15g,1,1195119781,16964622949,1141876,1912387773,37504100,4556243,2906913,361506,9535090,14588364,2194420,1164886,62216200,931329,374638857,InstrumentationResult
246,1,60000,300,10,31,310,82,10,5,1,6,2,6g,22g,1,874788279,148221298,1291443,382742429,36935155,2750521,1583727,254139,5658258,9048590,1007637,755173,19690492,576316,393991496,InstrumentationResult
247,1,60000,300,34,7,238,18,10,2,1,3,5,12g,7g,1,817354839,226862883,421761,359002153,41689281,1218217,768965,283271,2933612,11679316,2315370,585007,67628959,964845,270295775,InstrumentationResult
248,1,60000,360,19,34,646,58,12,2,1,4,6,5g,27g,1,1013183360,166599283,830658,478063360,37168728,1508024,1234701,170476,3502189,11134594,2833323,539861,70025812,421289,552855915,InstrumentationResult
249,1,60000,450,44,10,440,122,15,5,1,7,3,11g,13g,1,990136231,141506989,1850255,1157041803,34601880,3716888,2287811,290855,7807182,10734247,1597122,870222,33240585,648287,361028317,InstrumentationResult
250,1,60000,210,7,22,154,26,7,7,1,2,1,2g,20g,1,778707517,131413306,616033,417743177,39257463,2153714,856525,153415,4219684,1737978,757721,706013,1709520,530057,435845430,InstrumentationResult
251,1,60000,480,31,47,1457,90,16,4,1,5,4,8g,6g,1,1088785797,218169882,1260585,565251763,39074453,3714767,2885046,274388,8273321,15154980,2078677,905190,59978259,712050,379681530,InstrumentationResult
252,1,60000,1260,13,4,52,42,42,6,1,5,7,13g,24g,1,779877684,138758429,1604803,283629970,34240830,2159795,1007792,230376,4969057,21751528,3549925,1018715,163268190,513280,283773280,InstrumentationResult
253,1,60000,360,38,28,1064,106,12,3,1,2,4,6g,9g,1,1058632423,180575341,1399415,453261086,31117448,3095603,2622003,273623,7080836,12926595,2452378,819024,56397885,612514,378447408,InstrumentationResult
254,1,60000,60,25,41,1025,10,2,1,1,6,2,10g,17g,1,1132887698,205727402,190080,650381115,33306906,685150,582555,162596,1783329,7689729,796907,0,15970832,393360,467438848,InstrumentationResult
255,1,60000,600,50,16,800,74,20,4,1,3,5,3g,2g,1,993236122,15745061845,1276477,479148837,36250879,3012110,1966194,324453,6677867,15527014,2402399,889447,72103830,701635,346432022,InstrumentationResult
256,1,60000,1260,25,33,825,37,42,6,1,7,7,6g,15g,1,1484130971,177395604,1334162,476313240,47456077,4821714,2517219,331535,9686123,10223166,5804927,1544495,26477989,811955,391365023,InstrumentationResult
257,1,60000,360,50,9,450,100,12,3,1,4,4,12g,30g,1,900540742,161871708,1748254,386501603,34629457,2698516,1792178,209906,5803573,11704520,2624094,751604,48097395,543813,404492595,InstrumentationResult
258,1,60000,120,13,21,273,5,4,2,1,5,2,2g,8g,1,869560777,138119314,196230,326953727,30060631,655518,491462,219460,1885962,7791762,1083591,519218,16366456,456250,315524665,InstrumentationResult
259,1,60000,750,38,45,1710,69,25,5,1,2,5,9g,22g,1,1036725056,223847068,1525193,1206351116,41707013,3531323,2865984,283669,8615090,24475495,2608269,1147408,103062850,639223,564707809,InstrumentationResult
260,1,60000,360,7,2,14,53,12,2,1,2,6,14g,11g,1,722928178,139455164,769893,417219996,45169752,1468454,887056,280750,3331388,17232843,2832977,573704,99729005,498832,339877472,InstrumentationResult
261,1,60000,450,32,27,864,116,15,5,1,5,3,7g,26g,1,932964928,154984897,1792276,468463084,37720842,4295778,2868917,231658,9203512,12078829,1704617,1080731,36696166,728511,384952334,InstrumentationResult
262,1,60000,420,19,39,741,21,14,7,1,3,2,11g,4g,1,972242244,167158242,603629,558083198,34996160,2728351,1266865,211643,5244870,9488052,1149840,815983,20410285,750586,333322914,InstrumentationResult
263,1,60000,600,44,15,660,85,20,4,1,6,5,4g,19g,1,1103815668,186610587,1364267,362579992,168389045,2836283,2047911,256642,6534080,15128060,2059447,888667,70714043,593498,384858731,InstrumentationResult
264,1,60000,540,10,48,480,124,18,3,1,6,6,10g,10g,1,1524103129,147048791,1823491,360359408,41667190,3177950,2280785,287048,7236244,18487705,3850548,825211,107117277,606557,354598327,InstrumentationResult
265,1,60000,540,35,24,840,61,18,6,1,3,3,3g,24g,1,937162791,138762257,1329253,3195673807,38799439,3425710,2028041,290300,7322141,13984945,1404399,912497,35536075,677913,347677211,InstrumentationResult
266,1,60000,240,22,12,264,93,8,4,1,4,2,13g,2g,1,768530561,140049555,1049162,356614816,30555362,2203657,1399949,194282,4614034,8626839,921468,646040,18611050,633543,354039038,InstrumentationResult
267,1,60000,150,47,36,1692,29,5,1,1,1,5,6g,17g,1,1188434010,194693938,391190,795083299,40356958,1154263,1140528,180956,2818329,9662423,1093783,0,49259374,398988,817663978,InstrumentationResult
268,1,60000,900,16,18,288,108,30,5,1,2,6,2g,13g,1,1063151710,135672690,2003443,309317049,45415949,4283817,2393901,476698,8905465,19753572,3442626,1120034,111953039,717213,618207650,InstrumentationResult
269,1,60000,180,41,42,1722,45,6,2,1,5,3,8g,28g,1,7126070856,186335352,632149,695113041,38689173,1751641,1663582,183182,4231591,9802206,1783235,608536,32136104,543436,433837200,InstrumentationResult
270,1,60000,90,4,30,120,77,3,3,1,3,1,5g,6g,1,825788566,143655449,849533,430823893,38326721,1529353,898760,136495,3194491,999651,684154,501596,1539072,463473,493935188,InstrumentationResult
271,1,60000,720,28,5,140,13,24,6,1,6,4,11g,21g,1,824643614,162932230,700791,291219587,42182846,2808803,1186622,262761,5358803,12383055,1872272,855335,47843276,617876,260649793,InstrumentationResult
272,1,60000,600,2,25,50,17,20,5,1,5,4,8g,21g,1,1129651189,145130908,577234,277572014,32521990,2144387,846328,276618,4441218,11241403,1911545,750447,43674547,548506,304499136,InstrumentationResult
273,1,60000,420,27,50,1350,81,14,2,1,2,7,1g,7g,1,1002617220,173475397,1069210,857153497,38037062,1984751,1972130,159108,4836867,15103485,3356557,649663,103546371,445664,1025398111,InstrumentationResult
274,1,60000,450,15,38,570,49,15,3,1,6,5,11g,29g,1,902398392,161037776,1106626,361555004,35171502,1847806,1273161,226165,4190159,13992550,3204397,680286,66171545,491581,590628591,InstrumentationResult
275,1,60000,360,39,13,507,112,12,6,1,3,2,4g,14g,1,889510503,142808854,1665562,440175983,31674143,3670584,2136477,231667,7790554,11067119,1171456,869680,21208974,691319,456009983,InstrumentationResult
276,1,60000,360,21,44,924,1,12,4,1,3,3,3g,18g,1,1740163509,190617406,276435,516735486,39525458,1456308,704468,302937,3167895,8641648,1253538,726662,28379331,506341,293571431,InstrumentationResult
277,1,60000,1260,45,19,855,65,42,7,1,6,6,9g,3g,1,1131359044,220586886,1553734,400196847,45329364,4915993,2566997,384616,9809820,24354574,4654864,1478397,120097866,1111941,379157037,InstrumentationResult
278,1,60000,750,9,7,63,33,25,5,1,1,5,6g,25g,1,836826208,158792479,1098887,279402224,43395801,2155488,977993,309560,4535668,15005915,2181121,789294,69655582,569345,328682245,InstrumentationResult
279,1,60000,120,33,32,1056,96,4,2,1,4,2,13g,11g,1,6635682120,196673336,1139570,627299056,36759270,2235374,2109804,179792,5084256,9659979,1308237,594009,22116781,617561,571272392,InstrumentationResult
280,1,60000,120,18,10,180,73,4,1,1,4,4,7g,16g,1,736975472,161233907,824774,359303841,37616393,1328115,916480,190100,2788495,8517383,977069,0,34983588,373232,707666965,InstrumentationResult
281,1,60000,840,42,35,1470,9,28,4,1,1,7,13g,2g,1,1308588781,246073713,16947601,
282,1,60000,900,5,47,235,104,30,6,1,6,5,4g,23g,1,776855602,170583023,2089809,334607731,41151303,4236298,1975263,225698,8324272,16603702,2741950,1261430,82837310,615523,400054561,InstrumentationResult
283,1,60000,180,30,22,660,41,6,3,1,3,2,10g,9g,1,11091499628,277762094,697479,457958999,38281036,1630947,1165460,221888,3698835,8492720,1321695,605986,19031960,534387,382246735,InstrumentationResult
284,1,60000,630,12,28,336,89,21,7,1,4,3,12g,20g,1,1133987647,143272419,2214110,332262510,37366786,4645706,2159658,308500,8844179,11040032,1543288,1134187,33368475,636396,439127187,InstrumentationResult
285,1,60000,720,36,4,144,25,24,4,1,7,6,5g,5g,1,16811264972,149431489,740861,302869623,37530765,2142340,1000725,332919,4615842,20157275,3525265,775714,110831153,1482227,793110360,InstrumentationResult
286,1,60000,240,24,16,384,120,8,2,1,2,4,8g,27g,1,16835352956,161816295,1432742,341707191,33765464,2275293,1679246,184076,4864655,12266752,2154973,637483,44011289,480508,388925517,InstrumentationResult
287,1,60000,150,48,41,1968,57,5,5,1,5,1,2g,12g,1,1186066266,205713689,733914,1500766419,38270000,2842213,2167710,148006,6316313,6954657,960779,829848,1870955,874053,699752127,InstrumentationResult
288,1,60000,450,12,12,144,110,15,3,1,3,5,14g,27g,1,798288737,138068252,1996417,2004553343,34500049,2355901,1419413,217483,5172676,12933458,3042822,784064,63672987,491577,375378410,InstrumentationResult
289,1,60000,360,37,37,1369,47,12,6,1,6,2,7g,13g,1,1106122851,174500638,883290,752066907,35705548,3016767,1913485,248439,6426143,10500902,1137436,870602,22220237,770157,410344524,InstrumentationResult
290,1,60000,600,25,49,1225,79,20,5,1,2,4,10g,20g,1,1151446895,16427616760,1414418,486654953,34267648,3839011,2564978,256395,8294361,14891174,2059563,1072722,49531129,630119,362977335,InstrumentationResult
291,1,60000,420,49,25,1225,15,14,2,1,5,7,4g,6g,1,1057626404,16930922063,465413,427038610,35403666,1298794,1004580,284348,3245098,20703700,3165005,582730,135196821,494495,462784000,InstrumentationResult
292,1,60000,480,19,31,589,126,16,4,1,5,4,5g,24g,1,895813489,158203145,1913360,361719772,32613800,3650515,2620830,261747,8414274,12069459,1721580,1010392,44196544,638317,369108237,InstrumentationResult
293,1,60000,30,43,6,258,63,1,1,1,2,1,12g,9g,1,898346438,147482126,615489,479314142,34216446,1024609,718665,101361,2178125,833347,696297,0,1136192,404267,771147552,InstrumentationResult
294,1,60000,270,6,19,114,95,9,3,1,7,3,2g,16g,1,840432786,268877452,1362217,287381759,35693336,2231889,1326238,252071,4527011,8626914,1558427,599876,27115951,508919,352833543,InstrumentationResult
295,1,60000,1080,31,43,1333,31,36,6,1,4,6,9g,2g,1,17843508668,341815738,858509,476666368,46289130,3731343,1910368,339653,7687801,22129369,3139705,2606031,122779691,998855,295600463,InstrumentationResult
296,1,60000,1050,22,22,484,55,35,7,1,4,5,1g,26g,1,17276101791,172212164,1343881,349854862,36451400,3833701,1779105,406989,7711142,15769153,2683304,1142935,73738944,666555,316129077,InstrumentationResult
297,1,60000,240,46,46,2116,118,8,4,1,7,2,8g,11g,1,1145573035,192982295,1412535,990548638,36176672,4098008,4195391,222768,9812328,13963546,1367109,1003075,34101247,915819,596574780,InstrumentationResult
298,1,60000,180,9,34,306,23,6,2,1,2,3,5g,18g,1,951128372,212947522,445724,347050558,33625371,1081802,720355,233407,2563681,8167443,1518273,516338,31076198,455746,305414158,InstrumentationResult
299,1,60000,900,34,9,306,87,30,5,1,5,6,11g,4g,1,17198542328,641554010,1545522,351985521,37563691,3558900,1693208,402834,8512675,20384502,4394154,937047,108677003,706560,323327184,InstrumentationResult
300,1,60000,120,3,40,120,39,4,1,1,4,4,10g,29g,1,789278638,175874574,512598,365161843,39569203,878983,608770,155243,1983578,7610344,919193,0,36941992,342818,473467836,InstrumentationResult
301,1,60000,120,28,15,420,102,4,4,1,1,1,3g,15g,1,907781379,184361391,1251783,510751672,33628252,2408171,1618368,164209,5131206,2010665,830278,660168,1751593,654148,569201178,InstrumentationResult
302,1,60000,540,15,3,45,7,18,6,1,6,3,13g,22g,1,805979401,154443484,534516,286421802,33993306,2668125,918528,248418,4871081,9446284,1359885,747567,28876180,552908,300337238,InstrumentationResult
303,1,60000,540,40,28,1120,71,18,3,1,3,6,6g,7g,1,15674470318,235247027,1159791,412791982,42237777,2809376,2149914,322084,6598185,19329269,3597083,827368,126873422,575528,535521474,InstrumentationResult
304,1,60000,120,14,45,630,91,4,2,1,1,2,3g,5g,1,939255305,144449749,986140,530967317,35786574,1935493,1544088,179347,4218302,8894613,1204499,576830,20462052,549651,485673065,InstrumentationResult
305,1,60000,750,38,20,760,27,25,5,1,4,5,10g,19g,1,938214610,169403564,824929,418398700,33897103,2336232,1273060,279205,5198910,14807317,2294854,903362,66635366,563812,365189280,InstrumentationResult
306,1,60000,1260,2,8,16,122,42,6,1,3,7,7g,12g,1,17526688907,1757974738,2682629,279377346,44289292,4633127,2090109,672493,9504488,25839402,3787607,1149662,170800111,789005,362017041,InstrumentationResult
307,1,60000,360,26,32,832,59,12,3,1,6,4,13g,26g,1,1002043764,207670136,943331,438042231,37262568,2128264,1624337,221297,5047739,12231285,2414114,720646,47054240,519004,347784543,InstrumentationResult
308,1,60000,360,8,14,112,75,12,6,1,6,2,8g,1g,1,831004542,147435779,1425246,305021031,37977334,2925394,1040317,202104,5459193,9749171,1115832,776676,19291973,895030,384984910,InstrumentationResult
309,1,60000,450,32,38,1216,11,15,3,1,3,5,2g,16g,1,1066894518,162575275,364310,444764192,29485456,1398166,916758,282657,3358932,12961290,2567099,641351,61461368,494836,395818190,InstrumentationResult
310,1,60000,180,20,26,520,106,6,1,1,5,6,12g,8g,1,802864499,190732168,1122346,446742488,38997407,1914520,1573187,226412,4128310,15613583,1366914,0,95876170,464324,650972104,InstrumentationResult
311,1,60000,360,45,2,90,43,12,4,1,2,3,5g,23g,1,925611185,146622194,825077,272636717,31069513,2058863,1024963,258790,4129845,9233512,1282404,664928,28167809,536176,687899451,InstrumentationResult
312,1,60000,300,5,35,175,3,10,5,1,2,2,12g,3g,1,929844686,139769546,296346,286178232,32096739,1537196,653989,206076,3197623,8318168,930574,673920,17370951,492780,234160218,InstrumentationResult
313,1,60000,300,29,11,319,67,10,2,1,5,5,6g,17g,1,876252402,148038560,920366,308883943,185406970,1609334,1174791,225648,3601836,12626756,2380300,568806,65990150,472812,358448441,InstrumentationResult
314,1,60000,840,17,23,391,35,28,4,1,4,7,9g,10g,1,17581380993,471684598,1080496,326098521,45032278,2328594,1217729,424841,5408307,22061693,3226840,981446,150863542,738661,828153046,InstrumentationResult
315,1,60000,840,41,48,1968,98,28,7,1,7,4,3g,25g,1,1109051820,178453282,2326628,641458725,38037268,6824990,4774470,400840,15115151,21287909,2853108,1850966,77642947,907012,726124579,InstrumentationResult
316,1,60000,90,23,5,115,19,3,3,1,6,1,7g,6g,1,772410892,150552383,336140,341307318,37419317,897641,569137,143723,2176464,969077,681459,511296,1463262,448920,367599223,InstrumentationResult
317,1,60000,720,48,29,1392,83,24,6,1,3,4,14g,21g,1,1137366721,193854494,1905704,532735367,35607237,4679943,3231368,289925,10369345,15978881,2029763,1375779,61110085,734917,402897663,InstrumentationResult
318,1,60000,900,11,41,451,51,30,5,1,5,6,4g,14g,1,18294694023,402734537,1338400,2711988791,38014672,3690287,1604299,445665,7003178,22915357,3221439,1032892,117540503,755961,278677932,InstrumentationResult
319,1,60000,180,35,17,595,114,6,2,1,2,3,11g,28g,1,942546779,16934473257,1364592,406457780,33188822,2370122,1905782,174404,5129798,10507569,1716024,596551,34882101,532792,464576962,InstrumentationResult
320,1,60000,720,6,42,252,68,24,6,1,2,4,13g,9g,1,1671584204,168092970,1643489,297334394,41969748,3456078,1555201,282704,6920852,12937249,2088531,1043942,45674600,558397,373461588,InstrumentationResult
321,1,60000,90,30,17,510,4,3,3,1,5,1,6g,23g,1,13968746242,142339314,187655,620632268,32098047,778418,483660,153147,2003048,1773471,669435,499172,1542540,450123,409608250,InstrumentationResult
322,1,60000,180,18,5,90,99,6,2,1,3,3,10g,1g,1,878205250,138112270,989756,300520367,37463396,1681406,1021148,195087,3518873,8794142,1547175,543573,27227908,466154,348254239,InstrumentationResult
323,1,60000,900,43,30,1290,36,30,5,1,6,6,3g,16g,1,1140608520,321276152,1262926,444073918,25478810,2860950,1727967,316335,6462007,18530856,2791971,936378,103812861,664857,306970638,InstrumentationResult
324,1,60000,150,24,23,552,84,5,1,1,6,5,5g,12g,1,2720911030,620565266,806657,800846567,40025418,1365565,1098095,92893,2891247,1202881,1139410,0,6726476,323054,948154525,InstrumentationResult
325,1,60000,240,49,48,2352,20,8,4,1,3,2,11g,27g,1,1210937907,188795565,465170,1027278231,34469500,1925046,1583426,228150,4530784,9188445,970888,698779,19814737,609595,483899401,InstrumentationResult
326,1,60000,720,12,36,432,115,24,6,1,4,4,1g,5g,1,816390915,163790181,2321009,340863199,23844585,4787871,2342493,283670,9486137,14234917,2138080,1379812,49106673,598568,379041897,InstrumentationResult
327,1,60000,630,37,11,407,52,21,3,1,1,7,8g,19g,1,1073397592,182458801,935596,325845093,37487195,1950968,1236030,261286,4300481,21432628,3757243,678328,158371037,538917,369433858,InstrumentationResult
328,1,60000,480,15,27,405,28,16,4,1,2,4,2g,14g,1,1001917999,143443145,761337,337618249,34768197,2016096,1052100,325485,4517865,10968365,1735164,749507,44261698,622456,346211147,InstrumentationResult
329,1,60000,210,40,2,80,92,7,7,1,5,1,9g,28g,1,749678225,135035398,1396436,354135140,38084032,2755873,1299571,177285,5443351,1522797,783564,709710,1781595,505063,538900948,InstrumentationResult
330,1,60000,450,3,14,42,60,15,5,1,3,3,6g,7g,1,754259082,137886203,1093354,287202380,36099479,2412422,1132926,265518,4806379,9433810,1417589,712042,31968398,540671,309393719,InstrumentationResult
331,1,60000,360,27,39,1053,123,12,2,1,6,6,12g,21g,1,960453629,185947630,1516752,588623647,38398899,2646357,2491381,169294,6020345,13432615,3189111,675586,124255667,515708,531714430,InstrumentationResult
332,1,60000,600,9,8,72,12,20,4,1,7,5,10g,10g,1,1788024268,139218127,614859,301387868,44058325,1909769,894543,391698,4237307,14828572,2191424,828286,67172711,665573,242534161,InstrumentationResult
333,1,60000,60,33,33,1089,76,2,1,1,4,2,4g,25g,1,1017362396,238012615,849926,715131977,38455407,1740409,1637418,163468,3907587,9101753,945013,0,19836256,555896,679241914,InstrumentationResult
334,1,60000,270,21,45,945,44,9,3,1,5,3,14g,3g,1,1590846985,152945059,631750,515264420,38352630,1867452,1284269,228685,4195305,12041035,1848609,633953,30469132,575928,336636518,InstrumentationResult
335,1,60000,1080,46,20,920,107,36,6,1,2,6,7g,18g,1,927006660,352089519,2005976,389987045,35286140,4818880,3021792,327981,10246463,22025248,2678253,1157406,122324214,685541,333602871,InstrumentationResult
336,1,60000,300,20,4,80,119,10,5,1,4,2,4g,17g,1,754584424,144007053,1645557,284000307,36994937,2986607,1623792,227129,6104894,8981451,994867,717353,19372791,548141,424875195,InstrumentationResult
337,1,60000,300,44,28,1232,56,10,2,1,7,5,10g,2g,1,2789097844,286804607,528604,928337053,42790890,1351468,1250086,102067,3304412,2533796,2267110,523707,9835784,385315,576268812,InstrumentationResult
338,1,60000,720,7,40,280,88,24,4,1,2,6,7g,24g,1,1663576706,291939631,2011603,358370539,37838507,2700193,1549181,251386,5821647,17056423,2288479,790737,95372854,554766,301493359,InstrumentationResult
339,1,60000,630,32,16,512,24,21,7,1,5,3,13g,9g,1,1259425769,147568761,1020521,406890293,39107616,3587480,1571634,204022,6705637,10978730,1645856,974154,28137401,622638,438105335,InstrumentationResult
340,1,60000,180,1,34,34,103,6,3,1,5,2,8g,20g,1,740458474,153052541,1343527,278798870,35982551,2068488,1228945,207369,4175467,8222036,1121499,576103,18431592,512397,417233287,InstrumentationResult
341,1,60000,900,26,10,260,40,30,6,1,2,5,2g,6g,1,920486001,146091057,1295255,982664482,34289111,3379582,1353901,366323,6720844,16590047,2563424,1069319,90127007,779790,278714420,InstrumentationResult
342,1,60000,840,14,22,308,72,28,4,1,6,7,12g,28g,1,737883044,170751012,1505452,302932480,37187727,2064130,1335383,197349,4872601,19448465,3172971,781534,134329065,479546,326126592,InstrumentationResult
343,1,60000,120,38,46,1748,8,4,1,1,3,4,5g,13g,1,1123912338,198550153,201248,631730440,37123651,811597,742802,214260,2139572,9903040,1059281,0,40716398,416505,361649240,InstrumentationResult
344,1,60000,60,10,19,190,48,2,2,1,3,1,11g,22g,1,815037613,146102164,629005,387519348,36587596,1080939,758518,127092,2465450,972763,682712,508674,1351662,460383,539351484,InstrumentationResult
345,1,60000,600,35,43,1505,111,20,5,1,6,4,4g,8g,1,4640075552,185729222,1616164,702756913,28139312,5071077,3667514,317313,11492210,21254997,2665941,1342085,70366391,873168,400031196,InstrumentationResult
346,1,60000,1260,23,31,713,16,42,7,1,1,6,8g,29g,1,958713398,206372147,973318,401426593,38542228,2733835,1287176,304273,5747319,19822921,3419602,1096466,111229057,541508,256303319,InstrumentationResult
347,1,60000,360,47,7,329,80,12,4,1,4,3,1g,15g,1,820076029,209467243,1197210,1091912052,28921326,2500736,1515510,260814,5321137,9579510,1356251,734022,43708347,573050,351135033,InstrumentationResult
348,1,60000,360,17,50,850,64,12,6,1,5,2,6g,19g,1,992474360,166593812,1141301,595908934,37384206,3335493,1949129,243073,6819385,10073184,1146138,868955,21837219,708543,374590577,InstrumentationResult
349,1,60000,450,41,25,1025,127,15,3,1,2,5,12g,4g,1,3804765649,160331867,1501447,421153884,36954044,3291358,2794994,238986,7801411,17655227,3625227,1104638,85687044,576723,494622305,InstrumentationResult
350,1,60000,360,4,13,52,32,12,2,1,7,6,3g,26g,1,780074717,140047847,597716,322072009,38544041,981080,641538,184639,2317928,12028667,2713408,497528,62872899,426016,410394262,InstrumentationResult
351,1,60000,450,29,37,1073,96,15,5,1,4,3,9g,11g,1,1067165320,179542248,1592017,2617143159,39708005,3826158,2721617,276827,8196653,12784204,1600301,920310,36012428,720370,417609715,InstrumentationResult
352,1,60000,540,19,15,285,10,18,3,1,4,6,5g,25g,1,2563461894,142574041,451780,1398296818,33766423,1203603,693173,265653,2890633,13975638,5900269,615101,83281897,533584,269530909,InstrumentationResult
353,1,60000,540,43,40,1720,74,18,6,1,1,3,11g,11g,1,1116850758,16656920484,1306313,708999471,35704410,4471824,3118784,300985,9809532,12986826,1879102,1150866,40097781,835307,407247330,InstrumentationResult
354,1,60000,300,7,27,189,42,10,5,1,6,2,1g,18g,1,994816521,175779281,845077,349136347,40395529,2138857,1013468,244059,4478516,8670656,1023471,708174,18810162,534125,322037552,InstrumentationResult
355,1,60000,300,31,3,93,105,10,2,1,3,5,8g,4g,1,1793930120,145837118,1190862,265697568,34670488,2086181,1323680,277936,4388248,14264426,2480130,600381,68884754,487519,302837889,InstrumentationResult
356,1,60000,1050,13,46,598,26,35,5,1,3,7,13g,29g,1,939252228,149648621,909672,452446617,35518361,1875721,1002422,201679,4308369,21022016,3770475,848034,134072920,498635,350515241,InstrumentationResult
357,1,60000,240,37,21,777,90,8,2,1,6,4,6g,14g,1,993116039,152804704,1158844,404217916,36321578,2302665,1867463,240756,5056033,11656022,2140284,621507,51128357,528266,382128131,InstrumentationResult
358,1,60000,240,25,9,225,58,8,4,1,2,2,9g,22g,1,810199791,140091581,943030,363841837,38605286,2033122,1111255,232814,4242958,8487354,972288,655912,18539772,547889,325092877,InstrumentationResult
359,1,60000,1050,50,33,1650,121,35,7,1,5,5,3g,7g,1,18152135024,175261743,2191829,541424363,31291079,7239031,5106845,522615,15585303,21672811,4730868,1672150,99707401,1067753,381627386,InstrumentationResult
360,1,60000,1080,4,6,24,82,36,6,1,5,6,10g,27g,1,17766539553,142495357,2031645,279072673,611699258,3207633,1509356,235243,6708748,21336792,2958211,939512,114163131,493918,326631338,InstrumentationResult
361,1,60000,270,28,30,840,18,9,3,1,2,3,4g,13g,1,1018255123,188437834,476937,484653316,34873669,1396689,945492,271741,3294839,9237519,1621339,619716,27550876,520651,323915829,InstrumentationResult
362,1,60000,30,16,43,688,113,1,1,1,7,1,13g,20g,1,908301284,165401146,1190562,670592414,34779684,1969856,1734899,113910,4164996,1201582,894926,0,1521827,675973,1163041036,InstrumentationResult
363,1,60000,480,40,18,720,50,16,4,1,4,4,7g,5g,1,923245256,177488839,905300,482776832,34130239,2617210,1594108,275956,5888420,13937074,1964033,916826,51058887,645277,325783539,InstrumentationResult
364,1,60000,360,22,37,814,66,12,2,1,3,6,2g,23g,1,1097676269,273091223,1011619,403361749,29912472,1824299,1529697,215201,4218053,15050465,2844091,616345,90999111,509856,314994067,InstrumentationResult
365,1,60000,450,46,12,552,2,15,5,1,6,3,9g,9g,1,939697372,173814297,352713,396412018,35243256,1868099,1032416,260697,4140732,11203329,1736472,838772,29709329,648789,283779940,InstrumentationResult
366,1,60000,360,10,24,240,97,12,6,1,1,2,5g,16g,1,7620263119,136468686,1755067,358737880,35077649,3705524,1656853,259631,6970121,9234227,1106420,821672,20174005,624371,406967902,InstrumentationResult
367,1,60000,450,34,49,1666,34,15,3,1,4,5,12g,2g,1,990547826,219217251,601324,721374014,39077624,2055451,1673241,287635,4919053,15071085,3258880,711481,71397828,623747,318971545,InstrumentationResult
368,1,60000,180,8,29,232,62,6,2,1,6,3,9g,4g,1,748434079,153157720,800025,328084974,37993472,1613549,1056953,217067,3509210,9715584,1600045,573554,27406097,473150,351630563,InstrumentationResult
369,1,60000,900,33,4,132,125,30,5,1,3,6,2g,19g,1,807184672,138944127,2261753,287423163,38251846,3916359,2134540,295280,8031113,28344180,2637703,822855,100057432,593671,361514864,InstrumentationResult
370,1,60000,900,20,17,340,30,30,6,1,5,5,12g,12g,1,2527866741,157333420,967248,326612392,34694729,3345770,1330939,442262,6738472,16570984,2826167,1137425,74796432,879325,290779232,InstrumentationResult
371,1,60000,180,45,41,1845,94,6,3,1,2,2,6g,26g,1,1094015934,209164982,1165933,856640729,35171766,2996555,3155833,192207,7174711,11369237,1503004,769823,29473992,771870,589035550,InstrumentationResult
372,1,60000,840,14,10,140,46,28,7,1,2,4,4g,8g,1,766611229,154030733,1277164,281622373,35172066,3455344,1267901,348374,6995074,11957545,2787316,1470027,48917489,763926,301607931,InstrumentationResult
373,1,60000,840,39,35,1365,109,28,4,1,5,7,11g,23g,1,1125983438,267594683,1788710,422785815,38103476,3500863,3111073,185589,8649850,28270433,4004685,1194165,184859467,541997,468274153,InstrumentationResult
374,1,60000,300,2,47,94,14,10,2,1,4,5,7g,15g,1,835024412,17349681037,409810,1452645741,38341477,1025821,703680,297929,2668699,13493534,2396227,581146,65213488,496415,276976147,InstrumentationResult
375,1,60000,300,27,23,621,78,10,5,1,7,2,14g,30g,1,815586796,159257727,1194635,485105693,36709950,2957322,1782029,230451,6197749,9468325,1099560,818480,21246200,673494,433387945,InstrumentationResult
376,1,60000,360,23,38,874,101,12,4,1,7,3,7g,6g,1,969890581,192918559,1365215,463577511,35518673,3565698,2504936,270312,7555503,11258972,1642119,887770,34655213,709167,400016424,InstrumentationResult
377,1,60000,180,48,14,672,38,6,1,1,4,6,13g,21g,1,1065707868,150734887,492895,610147626,34435960,997920,833913,150356,2307977,9289556,1075836,0,53707280,342727,598988323,InstrumentationResult
378,1,60000,360,11,1,11,70,12,3,1,5,4,3g,14g,1,739354307,148969878,1231957,262582155,39434425,1959506,1045478,219838,4120332,9338324,2240542,680505,36279259,481078,421018238,InstrumentationResult
379,1,60000,180,36,26,936,6,6,6,1,2,1,10g,28g,1,12450704147,177913727,319123,911997247,35083449,1744076,759436,165606,3588047,4517106,768819,647197,1914997,491150,463970405,InstrumentationResult
380,1,60000,480,5,20,100,117,16,4,1,1,4,11g,3g,1,3285299429,144236111,1781415,304138794,44730093,2985869,1612774,268910,6265166,11677161,1811093,812830,46777952,659857,381644864,InstrumentationResult
381,1,60000,1470,30,44,1320,54,49,7,1,4,7,5g,17g,1,1027828921,172290874,3022197,462623039,37075232,4318205,2500074,332238,9108622,26885307,3768824,1257950,169177303,678693,309877132,InstrumentationResult
382,1,60000,750,17,32,544,86,25,5,1,3,5,8g,10g,1,937307039,176262528,1671808,603857744,34129740,4134451,2141801,360147,8147485,20713231,2841041,971361,78209797,800177,373950710,InstrumentationResult
383,1,60000,120,42,7,294,22,4,2,1,6,2,2g,24g,1,799615282,135780100,389293,366192171,33766346,987402,660085,214022,2396614,7424098,1092775,521158,15919909,457679,332543901,InstrumentationResult
384,1,60000,600,9,22,198,93,20,5,1,4,4,3g,24g,1,799391448,180330344,1712160,311988994,35669368,3389691,1600235,286870,6767914,11308163,1899510,913283,43940481,554954,353389763,InstrumentationResult
385,1,60000,60,34,47,1598,30,2,2,1,1,1,9g,9g,1,8939566097,183348461,389705,1530852809,38075703,1199279,1120906,118879,2931962,2729576,745055,503196,1503533,581953,682823499,InstrumentationResult
386,1,60000,270,21,34,714,125,9,3,1,6,3,6g,16g,1,951232350,178610592,1614087,413573161,32645645,3038646,2462283,244203,6555162,12046480,1899563,710774,34014382,613480,413098636,InstrumentationResult
387,1,60000,1080,46,10,460,61,36,6,1,3,6,13g,2g,1,913136295,17050413676,2267616,346560173,40267994,3488650,1705696,308432,7603335,24487816,4070687,1438549,120281844,770418,389760284,InstrumentationResult
388,1,60000,450,15,41,615,77,15,3,1,4,5,8g,27g,1,977530376,153999817,1204316,397918356,37214182,2243352,1621204,216773,5120049,16195605,3455820,770622,71453899,521381,350664771,InstrumentationResult
389,1,60000,360,40,16,640,14,12,6,1,7,2,1g,13g,1,1071211870,135712486,546245,455088284,36299172,2306856,972865,228439,4480889,8796771,1222558,719882,19411705,560188,289680973,InstrumentationResult
390,1,60000,360,3,4,12,109,12,4,1,2,3,11g,20g,1,821549517,158488813,1554951,255592926,35917076,2732758,1399642,265935,5442358,9222027,1295605,697102,33492377,541391,389883795,InstrumentationResult
391,1,60000,180,28,28,784,45,6,1,1,5,6,5g,5g,1,5911322255,167632347,510684,796567810,41292120,1239831,1052974,224173,2915568,13941204,1334342,0,90995785,432384,479310739,InstrumentationResult
392,1,60000,240,24,13,312,6,8,2,1,5,4,12g,29g,1,808559489,148051042,248412,319995407,38766090,792007,544740,235668,2081644,9794543,2093093,506023,37195032,446607,251759105,InstrumentationResult
393,1,60000,150,49,37,1813,69,5,5,1,2,1,5g,15g,1,1468245820,202425608,910916,1379319426,33388148,2990715,2720049,149733,7006718,6271985,927953,816498,1949996,875816,714378853,InstrumentationResult
394,1,60000,630,12,50,600,37,21,7,1,6,3,9g,22g,1,826147624,207843335,988635,403461990,35875084,3417829,1331381,310921,6393130,10619605,1673043,1098672,36265469,685842,311609251,InstrumentationResult
395,1,60000,720,37,25,925,101,24,4,1,3,6,2g,7g,1,17869700984,171673575,1805818,397493331,35809849,4460836,3178228,373634,9591762,26092656,3199207,1111134,155966284,676372,395563747,InstrumentationResult
396,1,60000,900,6,31,186,22,30,6,1,3,5,7g,25g,1,15634932212,136019586,872312,285453763,42059762,2409827,1046465,243723,5042632,14823495,2390543,949852,71144500,610006,309918453,InstrumentationResult
397,1,60000,180,31,7,217,85,6,3,1,6,2,14g,11g,1,766773437,143929634,1146265,332929711,36983332,2027789,1300247,214037,4183081,8486113,1177019,608220,18839603,529303,392213254,InstrumentationResult
398,1,60000,120,18,19,342,53,4,1,1,1,4,4g,18g,1,855620443,183612379,619516,452818174,38601436,1163496,903395,187869,2623161,9148491,1005230,0,35392870,384111,519952035,InstrumentationResult
399,1,60000,840,43,44,1892,117,28,4,1,4,7,10g,4g,1,1124673045,16901737713,1678472,493644744,40351685,4875545,4558258,281219,11530637,38509485,3782814,1309551,235634622,694557,476139469,InstrumentationResult
400,1,60000,180,17,36,612,105,6,6,1,6,1,14g,3g,1,901394567,164836460,1236111,712912052,36501422,3079206,1702580,132210,6159576,3172492,866321,935919,1914235,727789,526260583,InstrumentationResult
401,1,60000,360,41,11,451,41,12,3,1,3,4,7g,17g,1,1088343527,144347780,819635,353992725,38086475,1711317,1116921,254488,3829390,9793422,2188976,630012,41728238,483651,373045914,InstrumentationResult
402,1,60000,360,5,24,120,73,12,2,1,4,6,11g,10g,1,812148534,138344494,1013098,317408770,37085943,1686631,1097536,277693,3756444,17082681,2961715,616118,91466241,498633,355944146,InstrumentationResult
403,1,60000,450,29,48,1392,10,15,5,1,1,3,4g,25g,1,1001936351,180607800,481228,594684973,34537908,2291700,1234213,274846,4638652,9406572,1440034,779375,29479258,556466,355050554,InstrumentationResult
404,1,60000,60,11,5,55,121,2,1,1,2,2,6g,6g,1,6395021629,138103007,1111225,299310220,36007104,1525270,937102,154339,2979545,7388455,774229,0,15724476,380157,523038292,InstrumentationResult
405,1,60000,600,35,30,1050,57,20,4,1,5,5,12g,21g,1,1586601115,189293806,1278646,437684466,32656080,2550999,1880757,202524,5731029,15846738,2297292,883054,75462551,559380,428995533,InstrumentationResult
406,1,60000,1080,23,42,966,89,36,6,1,3,6,3g,14g,1,1116985277,559656548,1870459,459342648,24732589,5466381,3286259,443568,11173780,23670103,3438137,1441529,122313789,802935,473869553,InstrumentationResult
407,1,60000,270,47,18,846,26,9,3,1,6,3,9g,28g,1,943213753,160767650,560700,904275354,401861912,1613787,1131980,213732,3760569,12398495,1748712,643717,36386184,499452,460346170,InstrumentationResult
408,1,60000,240,1,45,45,49,8,4,1,7,2,2g,8g,1,838783244,126871746,850336,1429157873,36500365,1788482,945665,233918,3807079,8477136,915211,622707,18253721,518642,324436034,InstrumentationResult
409,1,60000,1050,26,21,546,113,35,7,1,4,5,8g,23g,1,848985276,169720553,2243685,333225939,33458885,5191560,2978787,319315,10725181,18296625,19011084,1379336,83095975,712494,414490134,InstrumentationResult
410,1,60000,900,14,8,112,18,30,5,1,5,6,5g,15g,1,1005999744,154408688,977459,306760031,43296571,2449842,1135306,386038,5418322,18657421,3128332,1019536,105269748,782428,293083209,InstrumentationResult
411,1,60000,180,38,33,1254,81,6,2,1,2,3,11g,30g,1,1056044119,186388340,1030679,590315771,33277078,2178994,2080184,176451,5125742,10253721,1804893,660191,34491509,556189,908828243,InstrumentationResult
412,1,60000,300,20,14,280,33,10,5,1,2,2,10g,5g,1,803387694,183107243,652055,348573481,35250247,1915392,893110,210293,4009761,8424784,962115,678447,18372125,518710,302480333,InstrumentationResult
413,1,60000,300,44,39,1716,97,10,2,1,5,5,3g,19g,1,2024336613,166006028,1220037,1575038932,40413170,2763644,2863866,213103,6553990,16806665,2940645,696059,94086972,622880,576089194,InstrumentationResult
414,1,60000,630,8,27,216,2,21,3,1,3,7,13g,12g,1,787581208,1032949229,303113,460771670,41275720,1323960,696542,408914,3241662,20727964,5016591,665861,167451253,573781,320773133,InstrumentationResult
415,1,60000,720,32,2,64,65,24,6,1,6,4,7g,26g,1,770816680,17077703541,1554438,279293081,40155533,3215602,1585835,276303,6940456,11650828,2024596,1034494,45592085,523746,273028645,InstrumentationResult
416,1,60000,360,22,47,1034,24,12,2,1,2,6,8g,10g,1,1033204008,204132501,515469,432208315,42463323,1318300,1086578,272129,3344521,15663931,2972397,589639,93887896,506292,323659918,InstrumentationResult
417,1,60000,450,47,23,1081,87,15,5,1,5,3,2g,25g,1,1370306604,134761252,1500449,1966807559,25434288,3627032,2636635,278344,7944643,11648152,1612158,929980,36479453,690456,376661334,InstrumentationResult
418,1,60000,180,10,11,110,55,6,6,1,4,1,11g,3g,1,839036905,149283181,785421,370115521,37617494,1955634,913545,139649,4120707,1380758,767630,644937,1726318,489505,431365335,InstrumentationResult
419,1,60000,360,34,35,1190,119,12,3,1,7,4,5g,18g,1,1056464868,181007485,1616474,1469135196,37896277,3487952,3008062,239894,7895870,14170478,2645303,846223,64033494,633338,531098263,InstrumentationResult
420,1,60000,1260,4,17,68,8,42,7,1,6,6,3g,14g,1,5240905416,124394149,793103,291562330,43424647,3135007,1064910,405379,6304043,20528802,3725249,1467671,110167418,869205,274928663,InstrumentationResult
421,1,60000,360,28,41,1148,71,12,4,1,3,3,10g,29g,1,17832017123,188882362,1130324,550991367,40430904,2909042,2165054,242441,6563195,10932842,1511774,869134,33336478,629097,554054953,InstrumentationResult
422,1,60000,120,16,29,464,39,4,2,1,5,2,6g,7g,1,883459428,213709756,554787,488494121,35623955,1208241,873390,196031,2791586,8049752,1105871,536320,17592573,478774,389694965,InstrumentationResult
423,1,60000,750,41,5,205,103,25,5,1,2,5,13g,21g,1,17976357700,167169877,2211182,304758549,33657984,3762306,1771981,240890,7547327,15139506,2715360,966108,68724873,623001,324813309,InstrumentationResult
424,1,60000,720,13,32,416,79,24,4,1,1,6,7g,12g,1,903834153,169556837,1429747,888795433,43217282,3248034,1903341,336895,6823789,37379752,2711677,912747,108639419,717291,365953177,InstrumentationResult
425,1,60000,90,37,8,296,16,3,1,1,4,3,14g,27g,1,836926236,158022423,286795,494116459,38773255,651865,470000,153684,1628684,8340508,865235,0,24124287,362578,654422780,InstrumentationResult
426,1,60000,90,25,20,500,111,3,3,1,3,1,4g,5g,1,919523155,167317333,1098935,670665611,34040550,2080591,1641207,132271,4517557,1720599,826830,600976,1737122,670352,609553246,InstrumentationResult
427,1,60000,720,50,44,2200,47,24,6,1,6,4,10g,20g,1,1187292978,241012826,1221991,2677696692,41249526,4215070,2678047,296490,9169005,16388888,1988022,1198892,58304866,721083,887687625,InstrumentationResult
428,1,60000,630,19,1,19,95,21,3,1,6,7,12g,9g,1,942748305,145501840,1704535,259053446,43027045,2602970,1474176,365425,5505056,25206094,4262977,763081,158169440,593388,332120776,InstrumentationResult
429,1,60000,720,44,26,1144,32,24,6,1,3,4,6g,23g,1,1009946345,159774689,1144393,497420146,35539308,3118266,1765877,314675,6635190,13969651,17119487,973324,47122313,589756,342918285,InstrumentationResult
430,1,60000,300,7,38,266,127,10,5,1,5,2,9g,1g,1,799021413,149755634,1439152,360473601,33308487,3178082,1655829,198954,6226558,9054278,1048035,762164,20593936,606085,367014016,InstrumentationResult
431,1,60000,300,31,14,434,63,10,2,1,2,5,2g,16g,1,1019417716,17602290527,940837,360414052,772691772,1578241,1204127,219126,3653320,13432461,2359895,588361,71893762,472707,336346647,InstrumentationResult
432,1,60000,270,5,9,45,35,9,3,1,4,3,5g,19g,1,775231034,144335033,709667,236027753,33990431,1498735,784401,248522,3217578,9006613,1621021,586311,27412048,518298,296962595,InstrumentationResult
433,1,60000,1080,30,34,1020,99,36,6,1,7,6,12g,4g,1,1162473448,213221654,2106360,440638625,44409493,5349143,3312296,380407,11148522,25611269,3615950,1447104,126543706,956861,488182984,InstrumentationResult
434,1,60000,600,18,46,828,4,20,5,1,2,4,2g,26g,1,1052473121,17338049249,444493,826827157,312015106,2167300,954351,296417,4292594,10516400,1681346,820536,48974340,535811,290213431,InstrumentationResult
435,1,60000,60,42,21,882,67,2,2,1,5,1,8g,11g,1,1034296514,170807649,754621,825259739,35554461,1575468,1410838,129097,3616200,1868667,799174,532431,1601269,634122,685390415,InstrumentationResult
436,1,60000,600,24,28,672,51,20,5,1,4,4,13g,22g,1,898741518,155564669,1332341,390351824,37300021,3223581,1867655,247848,6705671,12546581,2249202,1029381,48223915,594226,299534763,InstrumentationResult
437,1,60000,420,48,3,144,115,14,2,1,1,7,7g,8g,1,842839885,17179091533,1549274,344416952,40107356,2188610,1389906,273670,4633075,19811312,3328393,601881,132996507,519892,407482722,InstrumentationResult
438,1,60000,600,11,15,165,20,20,4,1,6,5,10g,29g,1,756208788,157635805,591135,319206650,35452041,1570257,830505,235626,3516407,13283657,1997771,684347,62729817,515143,281772437,InstrumentationResult
439,1,60000,420,36,40,1440,83,14,7,1,3,2,4g,15g,1,1101387140,288512006,1411686,777578599,35202349,4296056,2767962,275325,9335282,11656979,1342774,1073471,25251142,1073099,457729758,InstrumentationResult
440,1,60000,540,14,24,336,123,18,6,1,3,3,9g,20g,1,860680013,172320779,2214579,1078724073,34698888,4509357,2431609,254247,8923932,11094674,1453923,995885,33318915,663702,427276756,InstrumentationResult
441,1,60000,540,39,49,1911,59,18,3,1,6,6,3g,6g,1,3682646401,215582897,1086099,528516590,114686219,3023471,2562858,341413,7518653,20212552,4783554,1186637,120043410,658165,588279182,InstrumentationResult
442,1,60000,150,2,37,74,91,5,1,1,2,5,13g,28g,1,788621024,17444042047,1058293,377984704,36801092,1387494,950866,153907,2830533,7827729,978470,0,42492798,337268,638592729,InstrumentationResult
443,1,60000,240,27,12,324,28,8,4,1,5,2,6g,13g,1,874385321,149326107,597169,341783813,36500253,1648508,858956,224320,3565732,8470722,916220,634114,18375591,537613,311442532,InstrumentationResult
444,1,60000,240,8,43,344,107,8,2,1,5,4,1g,17g,1,860184967,137365844,1366460,351575235,22901315,2225185,1601251,214098,4682521,10347362,1993066,588784,59632933,480038,455230556,InstrumentationResult
445,1,60000,1050,33,18,594,43,35,5,1,2,7,8g,2g,1,1311987108,148777779,1010232,443900879,49911097,2793735,1374160,100754,5542304,5796181,5684491,1219382,17651354,467090,399366645,InstrumentationResult
446,1,60000,1050,21,6,126,75,35,7,1,7,5,4g,24g,1,770784933,17688199333,2967748,1111697247,35713880,4105191,1590785,245289,7935556,17432765,2574231,1261179,76103381,707106,311922327,InstrumentationResult
447,1,60000,240,45,31,1395,12,8,4,1,4,2,11g,10g,1,1047950627,178184178,373692,673222456,34086184,1595026,1036609,231807,3647779,8483803,918512,660423,19102172,535959,356912374,InstrumentationResult
448,1,60000,720,16,6,96,60,24,4,1,3,6,9g,29g,1,18311453101,184933896,1309549,283796397,35398274,1864708,1043544,210607,4267331,18503443,2321205,715554,102934385,471605,262342899,InstrumentationResult
449,1,60000,90,40,31,1240,124,3,1,1,6,3,2g,15g,1,1008298210,163721653,1260291,2132531441,25590758,2532183,2525191,187828,5632732,11805251,1112875,0,38998541,601891,650753462,InstrumentationResult
450,1,60000,180,3,43,129,29,6,3,1,1,2,12g,22g,1,827474170,155310607,561239,355153620,41030521,1307049,745209,205196,2904453,8522170,1145154,593859,17885510,507059,301238872,InstrumentationResult
451,1,60000,900,28,19,532,92,30,6,1,4,5,5g,8g,1,928814708,167369573,1551111,350114637,36932136,5072335,2310292,399416,10020404,19948259,2679269,1448828,77475156,978812,372822520,InstrumentationResult
452,1,60000,720,10,37,370,44,24,4,1,5,6,4g,26g,1,907789752,157703294,1071890,290998014,36836698,2071060,1135058,269722,4723871,16614113,2240467,794967,88534857,572795,313157044,InstrumentationResult
453,1,60000,630,34,13,442,108,21,7,1,2,3,10g,11g,1,870556375,143446485,1926335,380805204,34946397,4328823,2108148,320566,8454873,11953823,16097700,983075,33181858,743528,353585328,InstrumentationResult
454,1,60000,150,22,25,550,13,5,5,1,7,1,7g,18g,1,868307618,174273846,407426,664374490,37815540,1759443,811525,143574,3511606,2740688,879775,629270,1949196,487409,425127250,InstrumentationResult
455,1,60000,240,46,49,2254,76,8,2,1,4,4,13g,4g,1,1260283893,208692348,905782,729984599,37195041,2617536,2753572,223491,6378421,16248360,2440464,729704,67587532,638421,444329930,InstrumentationResult
456,1,60000,210,6,16,96,100,7,1,1,4,7,6g,24g,1,832718235,141542452,1100115,341587318,41703852,1499250,1006367,177111,3035062,12305009,1146840,0,82306498,350989,624588477,InstrumentationResult
457,1,60000,480,31,40,1240,36,16,4,1,7,4,13g,9g,1,1278861115,208178423,765722,500669757,37393497,2627974,1698185,320342,5933541,13430836,1991509,842978,51152503,647635,338585163,InstrumentationResult
458,1,60000,360,19,28,532,68,12,6,1,2,2,3g,17g,1,906596188,138081532,1239026,450602199,34341334,3085439,1652629,227103,6310125,9657800,1167369,844346,20934218,652493,344274044,InstrumentationResult
459,1,60000,450,43,3,129,5,15,3,1,5,5,9g,2g,1,875979593,149713871,330429,959055151,40000886,1392055,661524,319197,3109566,13897301,2763664,677736,62226580,561917,284779158,InstrumentationResult
460,1,60000,1080,25,46,1150,116,36,6,1,5,6,11g,27g,1,990074949,179956398,3035588,442873437,35671355,4558564,3633010,262310,11092382,24435780,3614204,1703325,141159807,641151,401574464,InstrumentationResult
461,1,60000,270,49,22,1078,52,9,3,1,2,3,4g,13g,1,1084821463,166620915,765480,527174022,34279295,2084104,1632528,264281,4783149,9395326,1728023,657560,30856618,570112,342433990,InstrumentationResult
462,1,60000,120,13,10,130,84,4,2,1,6,2,8g,20g,1,791841576,143105765,1082173,303643853,34156954,1688695,1101135,195856,3541021,8147760,1152122,539975,17123375,479281,484564779,InstrumentationResult
463,1,60000,750,37,34,1258,21,25,5,1,3,5,1g,6g,1,18227747320,152240483,704496,531777330,25974269,2779949,1692176,332091,6367448,19028329,2495279,998064,69873064,701955,283131496,InstrumentationResult
464,1,60000,720,11,39,429,17,24,6,1,1,4,5g,7g,1,924566960,178524569,674939,358670308,35160565,2892051,1126166,310866,5555804,12536799,2100607,995117,46389590,688781,266510285,InstrumentationResult
465,1,60000,630,36,14,504,80,21,3,1,4,7,11g,21g,1,912984882,140683356,1305122,435699095,37979792,2018724,1489731,198322,4652814,20530853,4049853,686427,162681192,504637,412307954,InstrumentationResult
466,1,60000,300,23,2,46,48,10,2,1,3,5,2g,14g,1,815835266,124969851,828934,306354703,37872122,1158477,711670,168524,2584424,8017047,2286385,474238,39987966,382390,476797106,InstrumentationResult
467,1,60000,300,48,26,1248,112,10,5,1,6,2,8g,28g,1,1129868087,153592208,1544061,664083278,35141302,3990608,3650436,672685,9087206,12764892,1251733,919339,25830415,792413,494799909,InstrumentationResult
468,1,60000,180,17,20,340,33,6,2,1,7,3,13g,3g,1,871568883,148484513,501306,1071335168,33180302,1172611,797821,216899,2789900,8299645,1539473,547474,28671402,499101,341623773,InstrumentationResult
469,1,60000,900,42,45,1890,96,30,5,1,4,6,7g,17g,1,1062991880,198993459,2110015,518563382,37410908,4680949,3770591,421571,10815187,24664830,3116440,1310626,141291884,710201,392933138,InstrumentationResult
470,1,60000,840,5,32,160,64,28,7,1,5,4,10g,10g,1,6763593405,171822713,1489555,321352659,37739678,4095552,1413563,328460,7739886,13614549,3639770,1030515,49352301,705288,324690388,InstrumentationResult
471,1,60000,120,29,8,232,128,4,4,1,2,1,3g,25g,1,915752823,137821916,1532756,448490644,34095240,2575215,1589865,139024,5268331,1461362,794207,607281,1630698,589136,578834597,InstrumentationResult
472,1,60000,360,20,29,580,88,12,3,1,2,4,11g,1g,1,1505536363,272652938,1056538,379894361,34652208,2221948,1564915,248646,4921991,11281735,2272345,954468,49577231,597762,412376373,InstrumentationResult
473,1,60000,1260,45,5,225,25,42,6,1,5,7,4g,16g,1,882751069,192296075,1448608,324336187,34849678,2528798,1091158,318996,5320974,22305045,3121248,1033333,142917822,653828,291136961,InstrumentationResult
474,1,60000,600,8,17,136,120,20,4,1,3,5,14g,8g,1,16804324810,325090496,1887822,309571595,40787829,4615522,1735357,356068,8174232,13897690,2308411,793853,88755686,769085,363345718,InstrumentationResult
475,1,60000,60,32,42,1344,56,2,1,1,6,2,7g,23g,1,1154012576,233864991,677469,787374349,33886459,1490328,1455234,160938,3484999,8810051,923453,0,20372513,533974,643703798,InstrumentationResult
